"id","thppid","tppnam","pepseq","A","C","D","E","F","G","H","I","K","L","M","N","P","Q","R","S","T","V","W","Y"
"1001","Th1001","lepirudin","LVYTDCTESGQNLCLCEGSN<br>VCGQGNKCILGSDGEKNQCV<br>TGEGTPKPQSHNDGDFEEIP<br>EEYLQ<br>","0.000","9.231","6.154","12.308","1.538","13.846","1.538","3.077","4.615","7.692","0.000","7.692","4.615","7.692","0.000","6.154","6.154","4.615","0.000","3.077"
"1005","Th1002","Cetuximab","Heavy chain:QVQLKQSG<br>PGLVQPSQSLSITCTVSGFS<br>LTNYGVHWVRQSPGKGLEWL<br>GVIWSGGNTDYNTPFTSRLS<br>INKDNSKSQVFFKMNSLQSN<br>DTAIYYCARALTYYDYEFAY<br>WGQGTLVTVSAASTKGPSVF<br>PLAPSSKSTSGGTAALGCLV<br>KDYFPEPVTVSWNSGALTSG<br>VHTFPAVLQSSGLYSLSSVV<br>TVPSSSLGTQTYICNVNHKP<br>SNTKVDKRVEPKSPKSCDKT<br>HTCPPCPAPELLGGP<br>","4.938","2.881","2.881","2.058","3.292","8.642","1.646","2.058","5.761","8.230","0.412","4.527","7.819","4.527","1.646","14.403","9.053","8.642","2.058","4.527"
"1022","Th1003","Dornase alfa","LKIAAFNIQTFGETKMSNAT<br>LVSYIVQILSRYDIALVQEV<br>RDSHLTAVGKLLDNLNQDAP<br>DTYHYVVSEPLGRNSYKERY<br>LFVYRPDQVSAVDSYYYDDG<br>CEPCGNDTFNREPAIVRFFS<br>RFTEVREFAIVPLHAAPGDA<br>VAEIDALYDVYLDVQEKWGL<br>EDVMLMGDFNAGCSYVRPSQ<br>WSSIRLWTSPTFQWLIPDSA<br>DTTATPTHCAYDRIVVAGML<br>LRGAVVPDSALPFNFQAAYG<br>LSDQLAQAISDHYPV<br>","9.804","1.569","8.627","4.314","4.706","4.706","1.961","4.706","1.961","8.627","1.569","3.529","5.490","4.314","5.098","7.059","5.098","9.020","1.569","6.275"
"1025","Th1004","Denileukin diftitox","MGADDVVDSSKSFVMENFSS<br>YHGTKPGYVDSIQKGIQKPK<br>SGTQGNYDDDWKGFYSTDNK<br>YDAAGYSVDNENPLSGKAGG<br>VVKVTYPGLTKVLALKVDNA<br>ETIKKELGLSLTEPLMEQVG<br>TEEFIKRFGDGASRVVLSLP<br>FAEGSSSVEYINNWEQAKAL<br>SVELEINFETRGKRGQDAMY<br>EYMAQACAGNRVRRSVGSSL<br>SCINLDWDVIRDKTKTKIES<br>LKEHGPIKNKMSESPNKTVS<br>EEKAKQYLEEFHQTA<br>","6.275","0.784","6.275","8.627","3.137","8.627","1.176","3.922","9.804","6.275","2.353","5.098","3.137","3.529","3.137","9.804","5.098","7.451","1.176","4.314"
"1028","Th1005","Etanercept","LPAQVAFTPYAPEPGSTCRL<br>REYYDQTAQMCCSKCSPGQH<br>AKVFCTKTSDTVCDSCEDST<br>YTQLWNWVPECLSCGSRCSS<br>DQVETQACTREQNRICTCRP<br>GWYCALSKQEGCRLCAPLRK<br>CRPGFGVARPGTETSDVVCK<br>PCAPGTFSNTTSSTDICRPH<br>QICNVVAIPGNASMDAVCTS<br>TSPTRSMAPGAVHLPQPVST<br>RSQHTQPTPEPSTAPSTSFL<br>LPMGPSPPAEGSTGDEPKSC<br>DKTHTCPPCPAPELL<br>","7.059","9.804","3.922","4.706","1.961","5.490","1.961","1.569","3.137","4.706","1.569","1.961","12.157","5.098","5.098","10.588","10.980","5.098","1.176","1.961"
"1032","Th1006","Bivalirudin","FPRPGGGGNGDFEEIPEEYL<br>","0.000","0.000","5.000","20.000","10.000","25.000","0.000","5.000","0.000","5.000","0.000","5.000","15.000","0.000","5.000","0.000","0.000","0.000","0.000","5.000"
"1038","Th1007","Leuprolide","PHWSYLLR<br>","0.000","0.000","0.000","0.000","0.000","0.000","12.500","0.000","0.000","25.000","0.000","0.000","12.500","0.000","12.500","12.500","0.000","0.000","12.500","12.500"
"1049","Th1008","Peginterferon alfa-2a","CDLPQTHSLGSRRTLMLLAQ<br>MRRISLFSCLKDRHDFGFPQ<br>EEFGNQFQKAETIPVLHEMI<br>QQIFNLFSTKDSSAAWDETL<br>LDKFYTELYQQLNDLEACVI<br>QGVGVTETPLMKEDSILAVR<br>KYFQRITLYLKEKKYSPCAW<br>EVVRAEIMRSFSLSTNLQES<br>LRSKE<br>","4.848","2.424","4.848","8.485","6.061","3.030","1.818","4.848","6.061","12.727","3.030","2.424","3.030","7.273","6.061","8.485","6.061","4.242","1.212","3.030"
"1055","Th1009","Alteplase","SYQVICRDEKTQMIYQQHQS<br>WLRPVLRSNRVEYCWCNSGR<br>AQCHSVPVKSCSEPRCFNGG<br>TCQQALYFSDFVCQCPEGFA<br>GKCCEIDTRATCYEDQGISY<br>RGTWSTAESGAECTNWNSSA<br>LAQKPYSGRRPDAIRLGLGN<br>HNYCRNPDRDSKPWCYVFKA<br>GKYSSEFCSTPACSEGNSDC<br>YFGNGSAYRGTHSLTESGAS<br>CLPWNSMILIGKVYTAQNPS<br>AQALGLGKHNYCRNPDGDAK<br>PWCHVLKNRRLTWEY<br>","6.667","8.235","3.922","4.706","2.745","8.235","2.353","2.745","4.314","5.098","0.784","5.882","5.098","5.098","6.667","10.196","4.706","3.529","3.137","5.882"
"1059","Th1010","Interferon alfa-n1","CDLPQTHSLGSRRTLMLLAQ<br>MRKISLFSCLKDRHDFGFPQ<br>EEFGNQFQKAETIPVLHEMI<br>QQIFNLFSTKDSSAAWDETL<br>LDKFYTELYQQLNDLEACVI<br>QGVGVTETPLMKEDSILAVR<br>KYFQRITLYLKEKKYSPCAW<br>EVVRAEIMRSFSLSTNLQES<br>LRSKE<br>","4.848","2.424","4.848","8.485","6.061","3.030","1.818","4.848","6.667","12.727","3.030","2.424","3.030","7.273","5.455","8.485","6.061","4.242","1.212","3.030"
"1064","Th1011","Darbepoetin alfa","APPRLICDSRVLERYLLEAK<br>EAENITTGCAEHCSLNENIT<br>VPDTKVNFYAWKRMEVGQQA<br>VEVWQGLALLSEAVLRGQAL<br>LVNSSQPWEPLQLHVDKAVS<br>GLRSLTTLLRALGAQKEAIS<br>PPDAASAAPLRTITADTFRK<br>LFRVYSNFLRGKLKLYTGEA<br>CRTGDR<br>","11.446","2.410","3.614","7.229","2.410","5.422","1.205","3.012","4.819","13.855","0.602","3.614","4.819","4.217","7.831","6.024","6.627","6.627","1.807","2.410"
"1067","Th1012","Reteplase","SYQGNSDCYFGNGSAYRGTH<br>SLTESGASCLPWNSMILIGK<br>VYTAQNPSAQALGLGKHNYC<br>RNPDGDAKPWCHVLKNRRLT<br>WEYCDVPSCSTCGLRQYSQP<br>QFRIKGGLFADIASHPWQAA<br>IFAKHRRSPGERFLCGGILI<br>SSCWILSAAHCFQERFPPHH<br>LTVILGRTYRVVPGEEEQKF<br>EVEKYIVHKEFDDDTYDNDI<br>ALLQLKSDSSRCAQESSVVR<br>TVCLPPADLQLPDWTECELS<br>GYGKHEALSPFYSER<br>","6.667","5.098","5.098","5.882","3.922","7.451","3.922","4.314","4.314","8.627","0.392","3.137","5.882","4.706","5.882","9.412","3.922","4.314","2.353","4.706"
"1071","Th1013","Epoetin alfa","APPRLICDSRVLERYLLEAK<br>EAENITTGCAEHCSLNENIT<br>VPDTKVNFYAWKRMEVGQQA<br>VEVWQGLALLSEAVLRGQAL<br>LVNSSQPWEPLQLHVDKAVS<br>GLRSLTTLLRALGAQKEAIS<br>PPDAASAAPLRTITADTFRK<br>LFRVYSNFLRGKLKLYTGEA<br>CRTGDR<br>","11.446","2.410","3.614","7.229","2.410","5.422","1.205","3.012","4.819","13.855","0.602","3.614","4.819","4.217","7.831","6.024","6.627","6.627","1.807","2.410"
"1098","Th1014","Salmon Calcitonin","CSNLSTCVLGKLSQELHKLQ<br>TYPRTNTGSGTP<br>","0.000","6.250","0.000","3.125","0.000","9.375","3.125","0.000","6.250","15.625","0.000","6.250","6.250","6.250","3.125","12.500","15.625","3.125","0.000","3.125"
"1110","Th1015","Interferon alfa-n3","Alpha-2A:CDLPQTHSLG<br>SRRTLMLLAQMRKISLFSCL<br>KDRHDFGFPQEEFGNQFQKA<br>ETIPVLHEMIQQIFNLFSTK<br>DSSAAWDETLLDKFYTELYQ<br>QLNDLEACVIQGVGVTETPL<br>MKEDSILAVRKYFQRITLYL<br>KEKKYSPCAWEVVRAEIMRS<br>FSLSTNLQESLRSKE","0.000","4.255","2.553","4.681","7.660","7.234","3.404","2.553","5.106","5.957","12.766","3.404","2.553","3.404","8.085","5.957","8.085","5.957","3.404","0.851"
"1120","Th1017","Sargramostim","APARSPSPSTQPWEHVNAIQ<br>EALRLLNLSRDTAAEMNETV<br>EVISEMFDLQEPTCLQTRLE<br>LYKQGLRGSLTKLKGPLTMM<br>ASHYKQHCPPTPETSCATQI<br>ITFESFKENLKDFLLVIPFD<br>CWEPVQE<br>","6.299","3.150","3.150","10.236","3.937","2.362","2.362","3.937","4.724","11.811","3.150","3.150","8.661","6.299","3.937","7.087","8.661","3.937","1.575","1.575"
"1129","Th1018","Secretin","HSDGTFTSELSRLRDSARLQ<br>RLLQGLV<br>","3.704","0.000","7.407","3.704","3.704","7.407","3.704","0.000","0.000","22.222","0.000","0.000","0.000","7.407","14.815","14.815","7.407","3.704","0.000","0.000"
"1135","Th1019","Peginterferon alfa-2b","CDLPQTHSLGSRRTLMLLAQ<br>MRRISLFSCLKDRHDFGFPQ<br>EEFGNQFQKAETIPVLHEMI<br>QQIFNLFSTKDSSAAWDETL<br>LDKFYTELYQQLNDLEACVI<br>QGVGVTETPLMKEDSILAVR<br>KYFQRITLYLKEKKYSPCAW<br>EVVRAEIMRSFSLSTNLQES<br>LRSKE<br>","4.848","2.424","4.848","8.485","6.061","3.030","1.818","4.848","6.061","12.727","3.030","2.424","3.030","7.273","6.061","8.485","6.061","4.242","1.212","3.030"
"1142","Th1020","Asparaginase","QMSLQQELRYIEALSAIVET<br>GQKMLEAGESALDVVTEAVR<br>LLEECPLFNAGIGAVFTRDE<br>THELDACVMDGNTLKAGAVA<br>GVSHLRNPVLAARLVMEQSP<br>HVMMIGEGAENFAFARGMER<br>VSPEIFSTSLRYEQLLAARK<br>EGATVLDHSGAPLDEKQKMG<br>TVGAVALDLDGNLAAATSTG<br>GMTNKLPGRVGDSPLVGAGC<br>YANNASVAVSCTGTGEVFIR<br>ALAAYDIAALMDYGGLSLAE<br>ACERVVMEKLPTLGG<br>","14.118","1.961","4.314","8.627","2.353","10.588","1.569","2.745","2.745","11.373","4.314","3.137","3.137","2.745","4.706","5.490","5.490","8.627","0.000","1.961"
"1145","Th1021","Thyrotropin Alfa","Alpha chain:APDVQDC<br>PECTLQENPFFSQPGAPILQ<br>CMGCCFSRAYPTPLRSKKTM<br>LVQKNVTSESTCCVAKSYNR<br>VTVMGGFKVENHTACHCSTC<br>YYHKS","0.000","5.392","10.784","3.431","4.412","3.922","3.922","2.941","4.902","6.373","4.902","2.451","3.922","6.863","3.431","3.922","6.373","9.314","5.392","0.000"
"1148","Th1022","Antihemophilic Factor","ATRRYYLGAVELSWDYMQSD<br>LGELPVDARFPPRVPKSFPF<br>NTSVVYKKTLFVEFTDHLFN<br>IAKPRPPWMGLLGPTIQAEV<br>YDTVVITLKNMASHPVSLHA<br>VGVSYWKASEGAEYDDQTSQ<br>REKEDDKVFPGGSHTYVWQV<br>LKENGPMASDPLCLTYSYLS<br>HVDLVKDLNSGLIGALLVCR<br>EGSLAKEKTQTLHKFILLFA<br>VFDEGKSWHSETKNSLMQDR<br>DAASARAWPKMHTVNGYVNR<br>SLPGLIGCHRKSVYW<br>","6.667","1.176","5.882","5.098","3.922","6.275","3.529","2.353","6.667","10.196","2.353","3.137","5.882","2.745","4.314","8.235","5.490","8.627","2.745","4.706"
"1180","Th1023","Anakinra","MRPSGRKSSKMQAFRIWDVN<br>QKTFYLRNNQLVAGYLQGPN<br>VNLEEKIDVVPIEPHALFLG<br>IHGGKMCLSCVKSGDETRLQ<br>LEAVNITDLSENRKQDKRFA<br>FIRSDSGPTTSFESAACPGW<br>FLCTAMEADQPVSLTNMPDE<br>GVMVTKFYFQEDE<br>","5.882","2.614","5.882","7.190","5.882","6.536","1.307","3.922","5.882","7.843","3.922","5.229","5.229","5.229","5.229","7.190","5.229","6.536","1.307","1.961"
"1193","Th1025","Intravenous Immunoglobulin","IGG1:PSALTQPPSASGSLG<br>QSVTISCTGTSSDVGGYNYV<br>SWYQQHAGKAPKVIIYEVNK<br>RPSGVPDRFSGSKSGNTASL<br>TVSGLQAEDEADYYCSSYEG<br>SDNFVFGTGTKVTVLGQPKA<br>NPTVTLFPPSSEELQANKAT<br>EVCLISDFYPGAVTVAWKAD<br>GSPVKAGVETTKPSKQSNNK<br>YAASSYLSLTPEQWKSHRSY<br>SCQVTHEGSTVEKTVAPTEC<br>SPLVLQESGPGLVKPSEALS<br>LTCTVSGDSINTILY<br>","7.200","2.400","3.200","5.600","2.000","8.400","1.200","2.400","6.000","6.400","0.000","3.600","7.200","4.400","1.200","14.800","9.200","8.800","1.200","4.800"
"1201","Th1026","Anistreplase","SYQVICRDEKTQMIYQQHQS<br>WLRPVLRSNRVEYCWCNSGR<br>AQCHSVPVKSCSEPRCFNGG<br>TCQQALYFSDFVCQCPEGFA<br>GKCCEIDTRATCYEDQGISY<br>RGTWSTAESGAECTNWNSSA<br>LAQKPYSGRRPDAIRLGLGN<br>HNYCRNPDRDSKPWCYVFKA<br>GKYSSEFCSTPACSEGNSDC<br>YFGNGSAYRGTHSLTESGAS<br>CLPWNSMILIGKVYTAQNPS<br>AQALGLGKHNYCRNPDGDAK<br>PWCHVLKNRRLTWEY<br>","6.667","8.235","3.922","4.706","2.745","8.235","2.353","2.745","4.314","5.098","0.784","5.882","5.098","5.098","6.667","10.196","4.706","3.529","3.137","5.882"
"1205","Th1027","Insulin Regular","A-chain:GIVEQCCTSIC<br>SLYQLENYCN","0.000","1.961","11.765","0.000","7.843","5.882","7.843","3.922","3.922","1.961","11.765","0.000","5.882","1.961","5.882","1.961","5.882","5.882","7.843","0.000"
"1210","Th1028","Tenecteplase","SYQVICRDEKTQMIYQQHQS<br>WLRPVLRSNRVEYCWCNSGR<br>AQCHSVPVKSCSEPRCFNGG<br>TCQQALYFSDFVCQCPEGFA<br>GKCCEIDTRATCYEDQGISY<br>RGNWSTAESGAECTQWNSSA<br>LAQKPYSGRRPDAIRLGLGN<br>HNYCRNPDRDSKPWCYVFKA<br>GKYSSEFCSTPACSEGNSDC<br>YFGNGSAYRGTHSLTESGAS<br>CLPWNSMILIGKVYTAQNPS<br>AQALGLGKHNYCRNPDGDAK<br>PWCHVLKNRRLTWEY<br>","6.667","8.235","3.922","4.706","2.745","8.235","2.353","2.745","4.314","5.098","0.784","5.882","5.098","5.490","6.667","10.196","4.314","3.529","3.137","5.882"
"1215","Th1029","Menotropins","Alpha-Chain(LH):APD<br>VQDCPECTLQENPFFSQPGA<br>PILQCMGCCFSRAYPTPLRS<br>KKTMLVQKNVTSESTCCVAK<br>SYNRVTVMGGFKVENHTACH<br>CSTCYYHKS","0.000","0.000","4.955","10.360","3.153","3.604","3.153","5.405","2.703","2.703","3.604","7.207","2.252","2.703","10.360","3.604","5.856","6.757","6.757","8.559"
"1226","Th1030","Interferon gamma-1b","CYCQDPYVKEAENLKKYFNA<br>GHSDVADNGTLFLGILKNWK<br>EESDRKIMQSQIVSFYFKLF<br>KNFKDDQSIQKSVETIKEDM<br>NVKFFNSNKKKRDDFEKLTN<br>YSVTDLNVQRKAIHELIQVM<br>AELSPAAKTGKRKRSQMLFR<br>GRRASQ<br>","5.479","1.370","6.849","6.164","6.849","3.425","1.370","4.795","13.699","6.849","2.740","6.849","1.370","6.164","5.479","7.534","3.425","5.479","0.685","3.425"
"1229","Th1031","Interferon Alfa-2a","Recombinant","0.000","4.848","2.424","4.848","8.485","6.061","3.030","1.818","4.848","6.667","12.727","3.030","2.424","3.030","7.273","5.455","8.485","6.061","4.242","1.212"
"1234","Th1032","Coagulation factor VIIa","ANAFLEELRPGSLERECKEE<br>QCSFEEAREIFKDAERTKLF<br>WISYSDGDQCASSPCQNGGS<br>CKDQLQSYICFCLPAFEGRN<br>CETHKDDQLICVNENGGCEQ<br>YCSDHTGTKRSCRCHEGYSL<br>LADGVSCTPTVEYPCGKIPI<br>LEKRNASKPQGRIVGGKVCP<br>KGECPWQVLLLVNGAQLCGG<br>TLINTIWVVSAAHCFDKIKN<br>WRNLIAVLGEHDLSEHDGDE<br>QSRRVAQVIIPSTYVPGTTN<br>HDIALLRLHQPVVLT<br>","5.490","7.451","5.098","8.235","2.745","8.235","3.137","5.490","5.098","8.627","0.000","4.314","4.706","5.098","5.098","6.667","4.706","5.882","1.569","2.353"
"1242","Th1033","Oprelvekin","GPPPGPPRVSPDPRAELDST<br>VLLTRSLLADTRQLAAQLRD<br>KFPADGDHNLDSLPTLAMSA<br>GALGALQLPGVLTRLRADLL<br>SYLRHVQWLRRAGGSSLKTL<br>EPELGTLQARLDRLLRRLQL<br>LMSRLALPQPPPDPPAPPLA<br>PPSSAWGGIRAAHAILGGLH<br>LTLDWAVRGLLLLKTRL<br>","11.299","0.000","6.215","1.695","0.565","7.910","2.260","1.130","1.695","23.164","1.130","0.565","11.864","3.955","10.169","6.215","5.085","2.825","1.695","0.565"
"1246","Th1034","Palifermin","SYDYMEGGDIRVRRLFCRTQ<br>WYLRIDKRGKVKGTQEMKNN<br>YNIMEIRTVAVGIVAIKGVE<br>SEFYLAMNKEGKLYAKKECN<br>EDCNFKELILENHYNTYASA<br>KWTHNGGEMFVALNQKGIPV<br>RGKKTKKEQKTAHFLPMAIT<br>","6.429","2.143","2.857","8.571","3.571","7.857","2.143","6.429","12.143","5.714","4.286","7.143","1.429","2.857","5.714","2.143","5.714","5.714","1.429","5.714"
"1252","Th1035","Glucagon recombinant","HSQGTFTSDYSKYLDSRRAQ<br>DFVQWLMNT<br>","3.448","0.000","10.345","0.000","6.897","3.448","3.448","0.000","3.448","6.897","3.448","3.448","0.000","10.345","6.897","13.793","10.345","3.448","3.448","6.897"
"1257","Th1036","Aldesleukin","MAPTSSSTKKTQLQLEHLLL<br>DLQMILNGINNYKNPKLTRM<br>LTFKFYMPKKATELKHLQCL<br>EEELKPLEEVLNLAQSKNFH<br>LRPRDLISNINVIVLELKGS<br>ETTFMCEYADETATIVEFLN<br>RWITFCQSIISTLT<br>","3.731","2.239","2.239","8.955","4.478","1.493","2.239","6.716","8.209","16.418","3.731","6.716","3.731","4.478","2.985","5.970","9.701","2.985","0.746","2.239"
"1260","Th1037","Botulinum Toxin Type B","MPVTINNFNYNDPIDNNNII<br>MMEPPFARGTGRYYKAFKIT<br>DRIWIIPERYTFGYKPEDFN<br>KSSGIFNRDVCEYYDPDYLN<br>TNDKKNIFLQTMIKLFNRIK<br>SKPLGEKLLEMIINGIPYLG<br>DRRVPLEEFNTNIASVTVNK<br>LISNPGEVERKKGIFANLII<br>FGPGPVLNENETIDIGIQNH<br>FASREGFGGIMQMKFCPEYV<br>SVFNNVQENKGASIFNRRGY<br>FSDPALILMHELIHVLHGLY<br>GIKVDDLPIVPNEKK<br>","2.745","0.784","5.098","6.667","6.667","7.451","1.569","11.373","7.059","6.667","3.137","10.588","6.667","1.569","4.706","3.529","3.529","5.098","0.392","4.706"
"1265","Th1038","Omalizumab","Heavy chain:EVQLVESG<br>GGLVQPGGSLRLSCAVSGYS<br>ITSGYSWNWIRQAPGKGLEW<br>VASITYDGSTNYADSVKGRF<br>TISRDDSKNTFYLQMNSLRA<br>EDTAVYYCARGSHYFGHWHF<br>AVWGQGTLVTVSSGPSVFPL<br>APSSKSTSGGTAALGCLVKD<br>YFPEPVTVSWNSGALTSGVH<br>TFPAVLQSSGLYSLSSVVTV<br>PSSSLGTQTYICNVNHKPSN<br>TKVDKKAEPKSCDKTHTCPP<br>CPAPELLGGPSVFLF<br>","6.173","2.881","3.292","2.881","3.704","10.288","2.469","2.058","4.527","7.819","0.412","3.292","6.584","2.881","2.469","14.403","7.819","9.053","2.469","4.527"
"1269","Th1039","Lutropin alfa","Alpha Chain: APDVQDC<br>PECTLQENPFFSQPGAPILQ<br>CMGCCFSRAYPTPLRSKKTM<br>LVQKNVTSESTCCVAKSYNR<br>VTVMGGFKVENHTACHCSTC<br>YYHKS","0.000","4.695","10.329","3.286","3.756","3.286","5.634","2.817","2.817","3.756","7.512","2.347","2.817","10.798","3.756","6.103","7.042","7.042","8.920","0.469"
"1275","Th1040","Insulin Lispro","A chain:GIVEQCCTSICS<br>LYQLENYCN","0.000","1.961","11.765","0.000","7.843","5.882","7.843","3.922","3.922","1.961","11.765","0.000","5.882","1.961","5.882","1.961","5.882","5.882","7.843","0.000"
"1283","Th1041","Insulin Glargine","A-chain:GIVEQCCTSICS<br>LYQLENYCG","0.000","1.887","11.321","0.000","7.547","5.660","9.434","3.774","3.774","1.887","11.321","0.000","3.774","1.887","5.660","5.660","5.660","5.660","7.547","0.000"
"1288","Th1042","Collagenase","MKRKCLSKRLMLAITMATIF<br>TVNSTLPIYAAVDKNNATAA<br>VQNESKRYTVSYLKTLNYYD<br>LVDLLVKTEIENLPDLFQYS<br>SDAKEFYGNKTRMSFIMDEI<br>GRRAPQYTEIDHKGIPTLVE<br>VVRAGFYLGFHNKELNEINK<br>RSFKERVIPSILAIQKNPNF<br>KLGTEVQDKIVSATGLLAGN<br>ETAPPEVVNNFTPILQDCIK<br>NIDRYALDDLKSKALFNVLA<br>APTYDITEYLRATKEKPENT<br>PWYGKIDGFINELKK<br>","7.451","0.784","5.490","6.667","4.314","3.922","0.784","7.451","9.412","9.804","1.961","7.451","4.706","2.353","4.314","4.314","7.451","5.882","0.392","5.098"
"1305","Th1043","Rasburicase","SAVKAARYGKDNVRVYKVHK<br>DEKTGVQTVYEMTVCVLLEG<br>EIETSYTKADNSVIVATDSI<br>KNTIYITAKQNPVTPPELFG<br>SILGTHFIEKYNHIHAAHVN<br>IVCHRWTRMDIDGKPHPHSF<br>IRDSEEKRNVQVDVVEGKGI<br>DIKSSLSGLTVLKSTNSQFW<br>GFLRDEYTTLKETWDRILST<br>DVDATWQWKNFSGLQEVRSH<br>VPKFDATWATAREVTLKTFA<br>EDNSASVQATMYKMAEQILA<br>RQQLIETVEYSLPNK<br>","6.667","0.784","5.882","7.059","3.137","4.314","3.529","6.275","7.843","5.882","1.569","4.314","2.745","3.922","4.314","7.059","9.412","9.412","2.353","3.529"
"1316","Th1044","Adalimumab","Light-chain:DIQMTQS<br>PSSLSASVGDRVTITCRASQ<br>GIRNYLAWYQQKPGKAPKLL<br>IYAASTLQSGVPSRFSGSGS<br>GTDFTLTISSLQPEDVATYY<br>CQRYNRAPYTFGQGTKVEIK<br>RTVAAPSVFIFPPSDEQLKS<br>GTASVVCLLNNFYPREAKVQ<br>WKVDNALQSGNSQESVTEQD<br>SKDSTYSLSSTLTLSKADYE<br>KHKVYACEVTHQGLSSPVTK<br>SFNRGEC","0.000","6.522","2.174","3.913","4.783","3.043","7.391","0.870","3.043","5.652","7.391","0.435","3.043","5.217","7.391","4.348","13.478","7.826","7.826","0.870"
"1324","Th1045","Imiglucerase","ARPCIPKSFGYSSVVCVCNA<br>TYCDSFDPPTFPALGTFSRY<br>ESTRSGRRMELSMGPIQANH<br>TGTGLLLTLQPEQKFQKVKG<br>FGGAMTDAAALNILALSPPA<br>QNLLLKSYFSEEGIGYNIIR<br>VPMASCDFSIRTYTYADTPD<br>DFQLHNFSLPEEDTKLKIPL<br>IHRALQLAQRPVSLLASPWT<br>SPTWLKTNGAVNGKGSLKGQ<br>PGDIYHQTWARYFVKFLDAY<br>AEHKLQFWAVTAENEPSAGL<br>LSGYPFQCLGFTPEH<br>","8.627","2.353","3.922","4.314","5.882","7.451","2.353","3.922","4.706","10.588","1.569","3.529","7.843","4.706","3.922","7.843","7.059","3.529","1.569","4.314"
"1327","Th1046","Abciximab","H ReoPro-like<br>antibody Heavy Chain 1:EVQ<br>LQQSGAELVKPGASVKLSCT<br>ASGFNIKDTYVHWVKQRPEQ<br>GLEWIGRIDPANGYTKYDPK<br>FQGKATITADTSSNTAYLQL<br>SSLTSEDTAVYYCVRPLYDY<br>YAMDYWGQGTSVTVSSAKTT<br>APSVYPLAPVCGDTTGSSVT<br>LGCLVKGYFPEPVTLTWNSG<br>SLSSGVHTFPAVLQSDLYTL<br>SSSVTVTSSTWPSQSITCNV<br>AHPASSTKVDKKIEP<br>","6.881","2.294","4.587","3.211","1.835","6.881","1.376","2.752","5.505","7.339","0.459","2.294","6.422","4.587","1.376","13.303","11.468","9.174","2.294","5.963"
"1331","Th1047","Alpha-1-proteinase inhibitor","EDPQGDAAQKTDTSHHDQDH<br>PTFNKITPNLAEFAFSLYRQ<br>LAHQSNSTNIFFSPVSIATA<br>FAMLSLGTKADTHDEILEGL<br>NFNLTEIPEAQIHEGFQELL<br>RTLNQPDSQLQLTTGNGLFL<br>SEGLKLVDKFLEDVKKLYHS<br>EAFTVNFGDTEEAKKQINDY<br>VEKGTQGKIVDLVKELDRDT<br>VFALVNYIFFKGKWERPFEV<br>KDTEEEDFHVDQVTTVKVPM<br>MKRLGMFNIQHCKKLSSWVL<br>LMKYLGNATAIFFLP<br>","5.882","0.392","7.059","7.843","7.843","5.098","3.529","4.314","7.843","10.980","1.961","5.098","3.529","5.490","1.961","4.706","7.843","5.882","0.784","1.961"
"1337","Th1048","Pegaspargase","MEFFKKTALAALVMGFSGAA<br>LALPNITILATGGTIAGGGD<br>SATKSNYTVGKVGVENLVNA<br>VPQLKDIANVKGEQVVNIGS<br>QDMNDNVWLTLAKKINTDCD<br>KTDGFVITHGTDTMEETAYF<br>LDLTVKCDKPVVMVGAMRPS<br>TSMSADGPFNLYNAVVTAAD<br>KASANRGVLVVMNDTVLDGR<br>DVTKTNTTDVATFKSVNYGP<br>LGYIHNGKIDYQRTPARKHT<br>SDTPFDVSKLNELPKVGIVY<br>NYANASDLPAKALVD<br>","10.196","0.784","8.235","2.353","3.137","8.235","1.176","3.922","7.451","7.451","3.137","7.451","3.922","1.569","1.961","4.706","9.804","10.980","0.392","3.137"
"1341","Th1049","Interferon beta-1a","MSYNLLGFLQRSSNFQCQKL<br>LWQLNGRLEYCLKDRMNFDI<br>PEEIKQLQQFQKEDAALTIY<br>EMLQNIFAIFRQDSSSTGWN<br>ETIVENLLANVYHQINHLKT<br>VLEEKLEKEDFTRGKLMSSL<br>HLKRYYGRILHYLKAKEYSH<br>CAWTIVRVEILRNFYFINRL<br>TGYLRN<br>","3.614","1.807","3.012","7.831","5.422","3.614","3.012","6.627","6.627","14.458","2.410","7.229","0.602","6.627","6.627","5.422","4.217","3.012","1.807","6.024"
"1358","Th1050","Pegademase bovine","MAQTPAFNKPKVELHVHLDG<br>AIKPETILYYGRKRGIALPA<br>DTPEELQNIIGMDKPLSLPE<br>FLAKFDYYMPAIAGCREAVK<br>RIAYEFVEMKAKDGVVYVEV<br>RYSPHLLANSKVEPIPWNQA<br>EGDLTPDEVVSLVNQGLQEG<br>ERDFGVKVRSILCCMRHQPS<br>WSSEVVELCKKYREQTVVAI<br>DLAGDETIEGSSLFPGHVKA<br>YAEAVKSGVHRTVHAGEVGS<br>ANVVKEAVDTLKTERLGHGY<br>HTLEDATLYNRLRQE<br>","8.627","1.569","4.706","9.804","2.353","7.059","3.529","4.314","6.667","8.627","1.961","2.745","5.490","3.137","5.098","4.706","4.314","10.196","0.784","4.314"
"1361","Th1051","Human Serum Albumin","MKWVTFISLLFLFSSAYSRG<br>VFRRDAHKSEVAHRFKDLGE<br>ENFKALVLIAFAQYLQQCPF<br>EDHVKLVNEVTEFAKTCVAD<br>ESAENCDKSLHTLFGDKLCT<br>VATLRETYGEMADCCAKQEP<br>ERNECFLQHKDDNPNLPRLV<br>RPEVDVMCTAFHDNEETFLK<br>KYLYEIARRHPYFYAPELLF<br>FAKRYKAAFTECCQAADKAA<br>CLLPKLDELRDEGKASSAKQ<br>RLKCASLQKFGERAFKAWAV<br>ARLSQRFPKAEFAEVSKLVT<br>DLTKVHTECCHGDLLECADD<br>RADLAKYICENQDSISSKLK<br>ECCEKPLLEKSHCIAEVEND<br>EMPADLPSLAADFVESKDVC<br>KNYAEAKDVFLGMFLYEYAR<br>RHPDYSVVLLLRLAKTYETT<br>LEKCCAAADPHECYAKVFDE<br>FKPLVEEPQNLIKQNCELFE<br>QLGEYKFQNALLVRYTKKVP<br>QVSTPTLVEVSRNLGKVGSK<br>CCKHPEAKRMPCAEDYLSVV<br>LNQLCVLHEKTPVSDRVTKC<br>CTESLVNRRPCFSALEVDET<br>YVPKEFNAETFTFHADICTL<br>SEKERQIKKQTALVELVKHK<br>PKATKEQLKAVMDDFAAFVE<br>KCCKADDKETCFAEEGKKLV<br>AASQAALGL<br>","10.345","5.747","5.911","10.181","5.747","2.135","2.627","1.478","9.852","10.509","1.149","2.791","3.941","3.284","4.433","4.598","4.762","7.061","0.328","3.120"
"1365","Th1053","Serum albumin iodonated","MKWVTFISLLFLFSSAYSRG<br>VFRRDAHKSEVAHRFKDLGE<br>ENFKALVLIAFAQYLQQCPF<br>EDHVKLVNEVTEFAKTCVAD<br>ESAENCDKSLHTLFGDKLCT<br>VATLRETYGEMADCCAKQEP<br>ERNECFLQHKDDNPNLPRLV<br>RPEVDVMCTAFHDNEETFLK<br>KYLYEIARRHPYFYAPELLF<br>FAKRYKAAFTECCQAADKAA<br>CLLPKLDELRDEGKASSAKQ<br>GLKCASLQKFGERAFKAWAV<br>ARLSQRFPKAEFAEVSKLVT<br>DLTKVHTECCHGDLLECADD<br>RADLAKYICENQDSISSKLK<br>ECCEKPLLEKSHCIAEVEND<br>EMPADLPSLAADFVGSKDVC<br>KNYAEAKDVFLGMFLYEYAR<br>RHPDYSVVLLLRLAKTYETT<br>LEKCCAAADPHECYAKVFDE<br>FKPLVEEPQNLIKQNCELFE<br>QLGEYKFQNALLVRYTKKVP<br>QVSTPTLVEVSRNLGKVGSK<br>CCKHPEAKRMPCAEDCLSVF<br>LNQLCVLHEKTPVSDRVTKC<br>CTESLVNGRPCFSALEVDET<br>YVPKEFNAETFTFHADICTL<br>SEKERQIKKQTALVELVKHK<br>PKATKEQLKAVMDDFAAFVE<br>KCCKADDKETCFAEEGKKLV<br>","9.833","6.000","6.000","10.167","6.000","2.500","2.667","1.500","10.000","10.333","1.167","2.833","4.000","3.167","4.167","4.500","4.833","7.000","0.333","3.000"
"1372","Th1055","Follitropin beta","A Chain: APDVQDCPECT<br>LQENPFFSQPGAPILQCMGC<br>CFSRAYPTPLRSKKTMLVQK<br>NVTSESTCCVAKSYNRVTVM<br>GGFKVENHTACHCSTCYYHKS<br>B chain: NSCELTNI<br>TIAIEKEECRFCISINTTWC<br>AGYCYTRDLVYKDPARPKIQ<br>KTCTFKELVYETVRVPGCAH<br>HADSLYTYPVATQCHCGKCD<br>SDSTDCTVRGLGPSYCSFGEMKE<br>","5.419","10.837","3.941","5.911","3.448","4.926","2.956","3.448","6.404","4.433","1.970","3.448","5.911","3.448","3.941","7.389","9.852","6.404","0.493","5.419"
"1375","Th1056","Vasopressin","CYFQNCPRG<br>","0.000","22.222","0.000","0.000","11.111","11.111","0.000","0.000","0.000","0.000","0.000","11.111","11.111","11.111","11.111","0.000","0.000","0.000","0.000","11.111"
"1376","Th1057","Interferon beta-1b","MSYNLLGFLQRSSNFQSQKL<br>LWQLNGRLEYCLKDRMNFDI<br>PEEIKQLQQFQKEDAALTIY<br>EMLQNIFAIFRQDSSSTGWN<br>ETIVENLLANVYHQINHLKT<br>VLEEKLEKEDFTRGKLMSSL<br>HLKRYYGRILHYLKAKEYSH<br>CAWTIVRVEILRNFYFINRL<br>TGYLRN<br>","3.614","1.205","3.012","7.831","5.422","3.614","3.012","6.627","6.627","14.458","2.410","7.229","0.602","6.627","6.627","6.024","4.217","3.012","1.807","6.024"
"1379","Th1058","Interferon alfacon-1","CDLPQTHSLGSRRTLMLLAQ<br>MRRISLFSCLKDRHDFGFPQ<br>EEFGNQFQKAETIPVLHEMI<br>QQIFNLFSTKDSSAAWDETL<br>LDKFYTELYQQLNDLEACVI<br>QGVGVTETPLMNEDSILAVR<br>KYFQRITLYLKEKKYSPCAW<br>EVVRAEIMRSFSLSTNLQES<br>LRSKE<br>","4.848","2.424","4.848","8.485","6.061","3.030","1.818","4.848","5.455","12.727","3.030","3.030","3.030","7.273","6.061","8.485","6.061","4.242","1.212","3.030"
"1381","Th1059","Hyaluronidase","MWTGLGPAVTLALVLVVAWA<br>TELKPTAPPIFTGRPFVVAW<br>DVPTQDCGPRHKMPLDPKDM<br>KAFDVQASPNEGFVNQNITI<br>FYRDRLGMYPHFNSVGGSVH<br>GGVPQNGSLWVHLEMLKGHV<br>EHYIRTQEPAGLAVIDWEDW<br>RPVWVRNWQDKDVYRRLSRQ<br>LVASHHPDWPPERIVKEAQY<br>EFEFAARQFMLETLRFVKAF<br>RPRHLWGFYLFPDCYNHDYV<br>QNWETYTGRCPDVEVSRNDQ<br>LSWLWAESTALFPSVYLEET<br>LASSTHGRNFVSFRVQEALR<br>VADVHHANHALPVYVFTRPT<br>YSRGLTGLSEMDLISTIGES<br>AALGAAGVILWGDAGFTTSN<br>ETCRRLKDYLTRSLVPYVVN<br>VSWAAQYCSWAQCHGHGRCV<br>RRDPNAHTFLHLSASSFRLV<br>PSHAPDEPRLRPEGELSWAD<br>RNHLQTHFRCQCYLGWGGEQ<br>CQWDRRRAAGGASGAWAGFH<br>LTGLLAVAVLAFTWTS<br>","8.824","2.101","4.832","5.042","4.832","7.143","4.622","1.891","1.891","9.034","1.471","3.151","6.092","3.782","7.563","5.882","5.672","8.403","4.412","3.361"
"1382","Th1060","Insulin","porcine","0.000","1.961","11.765","0.000","7.843","5.882","7.843","3.922","3.922","1.961","11.765","0.000","5.882","1.961","5.882","1.961","5.882","5.882","7.843","0.000"
"1385","Th1061","Trastuzumab","Light chain 1: DIQMT<br>QSPSSLSASVGDRVTITCRA<br>SQDVNTAVAWYQQKPGKAPK<br>LLIYSASFLYSGVPSRFSGS<br>RSGTDFTLTISSLQPEDFAT<br>YYCQQHYTTPPTFGQGTKVE<br>IKRTVAAPSVFIFPPSDEQL<br>KSGTASVVCLLNNFYPREAK<br>VQWKVDNALQSGNSQESVTE<br>QDSKDSTYSLSSTLTLSKAD<br>YEKHKVYACEVTHQGLSSPV<br>TKSFNRGEC<br>Heavy Chain 1: EVQLVESGGGLVQPG<br>GSLRLSCAASGFNIKDTYIH<br>WVRQAPGKGLEWVARIYPTN<br>GYTRYADSVKGRFTISADTS<br>KNTAYLQMNSLRAEDTAVYY<br>CSRWGGDGFYAMDYWGQGTL<br>VTVSSASTKGPSVFPLAPSS<br>KSTSGGTAALGCLVKDYFPE<br>PVTVSWNSGALTSGVHTFPA<br>VLQSSGLYSLSSVVTVPSSS<br>LGTQTYICNVNHKPSNTKVD<br>KKVEPPKSCDKTHTCPPCPA<br>PELLGGPSVFLFPPKPKDTL<br>MISRTPEVTCVVVDVSHEDP<br>EVKFNWYVDGVEVHNAKTKP<br>REEQYNSTYRVVSVLTVLHQ<br>DWLNGKEYKCKVSNKALPAP<br>IEKTISKAKGQPREPQVYTL<br>PPSRDELTKNQVSLTCLVKG<br>FYPSDIAVEWESNGQPENNY<br>KTTPPVLDSDGSFFLYSKLT<br>VDKSRWQQGNVFSCSVMHEA<br>LHNHYTQKSLSLSPGK<br>Light chain 2: DIQMTQS<br>PSSLSASVGDRVTITCRASQ<br>DVNTAVAWYQQKPGKAPKLL<br>IYSASFLYSGVPSRFSGSRS<br>GTDFTLTISSLQPEDFATYY<br>CQQHYTTPPTFGQGTKVEIK<br>RTVAAPSVFIFPPSDEQLKS<br>GTASVVCLLNNFYPREAKVQ<br>WKVDNALQSGNSQESVTEQD<br>SKDSTYSLSSTLTLSKADYE<br>KHKVYACEVTHQGLSSPVTK<br>SFNRGEC<br>Heavy Chain2: EVQLVESGGGLVQPGG<br>SLRLSCAASGFNIKDTYIHW<br>VRQAPGKGLEWVARIYPTNG<br>YTRYADSVKGRFTISADTSK<br>NTAYLQMNSLRAEDTAVYYC<br>SRWGGDGFYAMDYWGQGTLV<br>TVSSASTKGPSVFPLAPSSK<br>STSGGTAALGCLVKDYFPEP<br>VTVSWNSGALTSGVHTFPAV<br>LQSSGLYSLSSVVTVPSSSL<br>GTQTYICNVNHKPSNTKVDK<br>KVEPPKSCDKTHTCPPCPAP<br>ELLGGPSVFLFPPKPKDTLM<br>ISRTPEVTCVVVDVSHEDPE<br>VKFNWYVDGVEVHNAKTKPR<br>EEQYNSTYRVVSVLTVLHQD<br>WLNGKEYKCKVSNKALPAPI<br>EKTISKAKGQPREPQVYTLP<br>PSRDELTKNQVSLTCLVKGF<br>YPSDIAVEWESNGQPENNYK<br>TTPPVLDSDGSFFLYSKLTV<br>DKSRWQQGNVFSCSVMHEAL<br>HNHYTQKSLSLSPGK<br>","5.572","2.334","4.367","4.443","3.313","6.627","1.958","2.259","6.777","7.229","0.753","3.765","7.078","4.669","3.012","12.199","8.283","9.036","1.657","4.669"
"1389","Th1062","Rituximab","Heavy Chain: QVQLQQP<br>GAELVKPGASVKMSCKASGY<br>TFTSYNMHWVKQTPGRGLEW<br>IGAIYPGNGDTSYNQKFKGK<br>ATLTADKSSSTAYMQLSSLT<br>SEDSAVYYCARSTYYGGDWY<br>FNVWGAGTTVTVSAASTKGP<br>SVFPLAPSSKSTSGGTAALG<br>CLVKDYFPEPVTVSWNSGAL<br>TSGVHTFPAVLQSSGLYSLS<br>SVVTVPSSSLGTQTYICNVN<br>HKPSNTKVDKKVEPKSCDKT<br>HTCPPCPAPELLGGPSVFLF<br>PPKPKDTLMISRTPEVTCVV<br>VDVSHEDPEVKFNWYVDGVE<br>VHNAKTKPREEQYNSTYRVV<br>SVLTVLHQDWLNGKEYKCKV<br>SNKALPAPIEKTISKAKGQP<br>REPQVYTLPPSRDELTKNQV<br>SLTCLVKGFYPSDIAVEWES<br>NGQPENNYKTTPPVLDSDGS<br>FFLYSKLTVDKSRWQQGNVF<br>SCSVMHEALHNHYTQKSLSL<br>SPGK<br>Light Chain: Q<br>IVLSQSPAILSASPGEKVTM<br>TCRASSSVSYIHWFQQKPGS<br>SPKPWIYATSNLASGVPVRF<br>SGSGSGTSYSLTISRVEAED<br>AATYYCQQWTSNPPTFGGGT<br>KLEIKRTVAAPSVFIFPPSD<br>EQLKSGTASVVCLLNNFYPR<br>EAKVQWKVDNALQSGNSQES<br>VTEQDSKDSTYSLSSTLTLS<br>KADYEKHKVYACEVTHQGLS<br>SPVTKSFNRGEC<br>","5.873","2.410","3.464","4.669","3.012","6.627","1.958","2.108","7.380","6.777","0.904","3.916","7.229","4.518","2.108","13.253","8.283","8.886","1.958","4.669"
"1398","Th1063","Basiliximab","Heavy Chain: QLQQSGT<br>VLARPGASVKMSCKASGYSF<br>TRYWMHWIKQRPGQGLEWIG<br>AIYPGNSDTSYNQKFEGKAK<br>LTAVTSASTAYMELSSLTHE<br>DSAVYYCSRDYGYYFDFWGQ<br>GTTLTVSSASTKGPSVFPLA<br>PSSKSTSGGTAALGCLVKDY<br>FPEPVTVSWNSGALTSGVHT<br>FPAVLQSSGLYSLSSVVTVP<br>SSSLGTQTYICNVNHKPSNT<br>KVDKRVEPPKSCDKTHTCPP<br>CPAPELLGGPSVFLFPPKPK<br>DTLMISRTPEVTCVVVDVSH<br>EDPEVKFNWYVDGVEVHNAK<br>TKPREEQYNSTYRVVSVLTV<br>LHQDWLNGKEYKCKVSNKAL<br>PAPIEKTISKAKGQPREPQV<br>YTLPPSRDELTKNQVSLTCL<br>VKGFYPSDIAVEWESNGQPE<br>NNYKTTPPVLDSDGSFFLYS<br>KLTVDKSRWQQGNVFSCSVM<br>HEALHNHYTQKSLSLSPGK<br>Light Chain: QIVSTQ<br>SPAIMSASPGEKVTMTCSAS<br>SSRSYMQWYQQKPGTSPKRW<br>IYDTSKLASGVPARFSGSGS<br>GTSYSLTISSMEAEDAATYY<br>CHQRSSYTFGGGTKLEIKRT<br>VAAPSVFIFPPSDEQLKSGT<br>ASVVCLLNNFYPREAKVQWK<br>VDNALQSGNSQESVTEQDSK<br>DSTYSLSSTLTLSKADYEKH<br>KVYACEVTHQGLSSPVTKSF<br>NRGE<br>","5.640","2.287","3.659","4.878","3.049","6.402","2.134","2.134","7.165","6.707","1.372","3.354","6.860","4.573","2.744","13.872","8.232","8.079","1.829","5.030"
"1400","Th1064","Muromonab","Heavy Chain: QVQLQQS<br>GAELARPGASVKMSCKASGY<br>TFTRYTMHWVKQRPGQGLEW<br>IGYINPSRGYTNYNQKFKDK<br>ATLTTDKSSSTAYMQLSSLT<br>SEDSAVYYCARYYDDHYCLD<br>YWGQGTTLTVSSAKTTAPSV<br>YPLAPVCGGTTGSSVTLGCL<br>VKGYFPEPVTLTWNSGSLSS<br>GVHTFPAVLQSDLYTLSSSV<br>TVTSSTWPSQSITCNVAHPA<br>SSTKVDKKIEPRPKSCDKTH<br>TCPPCPAPELLGGPSVFLFP<br>PKPKDTLMISRTPEVTCVVV<br>DVSHEDPEVKFNWYVDGVEV<br>HNAKTKPREEQYNSTYRVVS<br>VLTVLHQDWLNGKEYKCKVS<br>NKALPAPIEKTISKAKGQPR<br>EPQVYTLPPSRDELTKNQVS<br>LTCLVKGFYPSDIAVEWESN<br>GQPENNYKTTPPVLDSDGSF<br>FLYSKLTVDKSRWQQGNVFS<br>CSVMHEALHNHYTQKSLSLSPGK<br>Light Chain: QI<br>VLTQSPAIMSASPGEKVTMT<br>CSASSSVSYMNWYQQKSGTS<br>PKRWIYDTSKLASGVPAHFR<br>GSGSGTSYSLTISGMEAEDA<br>ATYYCQQWSSNPFTFGSGTK<br>LEINRADTAPTVSIFPPSSE<br>QLTSGGASVVCFLNNFYPKD<br>INVKWKIDGSERQNGVLNSW<br>TDQDSKDSTYSMSSTLTLTK<br>DEYERHNSYTCEATHKTSTS<br>PIVKSFNRNEC<br>","4.977","2.715","4.223","4.525","2.715","5.882","2.112","2.564","6.787","6.486","1.508","4.072","6.787","4.374","2.715","13.273","9.653","7.391","2.112","5.128"
"1403","Th1065","Digoxin Immune Fab (Ovine)","Heavy Chain: EVQLQQS<br>GPELVKPGASVRMSCKSSGY<br>IFTDFYMNWVRQSHGKSLDY<br>IGYISPYSGVTGYNQKFKGK<br>ATLTVDKSSSTAYMELRSLT<br>SEDSAVYYCAGSSGNKWAMD<br>YWGHGASVTVSSAKTTAPSV<br>YPLAPVCGDTTGSSVTLGCL<br>VKGYFPEPVTLTWNSGSLSS<br>GVHTFPAVLQSDLYTLSSSV<br>TVTSSTWPSQSITCNVAHPA<br>SSTKVDKKIEP<br>Light Chain: DVVMTQTPLSLPVS<br>LGDQASISCRSSQSLVHSNG<br>NTYLNWYLQKAGQSPKLLIY<br>KVSNRFSGVPDRFSGSGSGT<br>DFTLKISRVEAEDLGIYFCS<br>QTTHVPPTFGGGTKLEIKRA<br>DAAPTVSIFPPSSEQLTSGG<br>ASVVCFLNNFYPKDINVKWK<br>IDGSERQNGVLNSWTDQDSK<br>DSTYSMSSTLTLTKDEYERH<br>NSYTCEATHKTSTSPIVKSF<br>NRNEC<br>","4.805","2.288","4.577","3.432","3.204","7.551","1.831","3.204","5.950","6.865","1.373","3.890","5.263","3.661","2.517","15.789","9.382","7.780","1.831","4.805"
"1406","Th1066","Ibritumomab","Heavy Chain: QAYLQQS<br>GAELVRPGASVKMSCKASGY<br>TFTSYNMHWVKQTPRQGLEW<br>IGAIYPGNGDTSYNQKFKGK<br>ATLTVDKSSSTAYMQLSSLT<br>SEDSAVYFCARVVYYSNSYW<br>YFDVWGTGTTVTVSAPSVYP<br>LAPVCGDTTGSSVTLGCLVK<br>GYFPEPVTLTWNSGSLSSGV<br>HTFPAVLQSDLYTLSSSVTV<br>TSSTWPSQSITCNVAHPASS<br>TKVDKKIEPRGPTIKPCPPC<br>KCPAPNLLGGPSVFIFPPKI<br>KDVLMISLSPIVTCVVVDVS<br>EDDPDVQISWFVNNVEVHTA<br>QTQTHREDYNSTLRVVSALP<br>IQHQDWMSGKEFKCKVNNKD<br>LPAPIERTISKPKGSVRAPQ<br>VYVLPPPEEEMTKKQVTLTC<br>MVTDFMPEDIYVEWTNNGKT<br>ELNYKNTEPVLDSDGSYFMY<br>SKLRVEKKNWVERNSYSCSV<br>VHEGLHNHHTTKSFSR<br>Light Chain: QIVLSQSPA<br>ILSASPGEKVTMTCRASSSV<br>SYMHWYQQKPGSSPKPWIYA<br>PSNLASGVPARFSGSGSGTS<br>YSLTISRVEAEDAATYYCQQ<br>WSFNPPTFGAGTKLELKRAD<br>AAPTVFIFPPSDEQLKSGTA<br>SVVCLLNNFYPREAKVQWKV<br>DNALQSGNSQESVTEQDSKD<br>STYSLSSTLTLSKADYEKHK<br>VYACEVTHQGLSSPVTKSFN<br>","5.675","2.454","3.988","4.601","3.067","5.368","1.994","2.914","6.442","6.288","1.687","3.988","7.209","4.294","2.454","13.037","8.436","9.202","2.147","4.755"
"1412","Th1068","Tositumomab","Heavy Chain 1: QAYLQ<br>QSGAELVRPGASVKMSCKAS<br>GYTFTSYNMHWVKQTPRQGL<br>EWIGAIYPGNGDTSYNQKFK<br>GKATLTVDKSSSTAYMQLSS<br>LTSEDSAVYFCARVVYYSNS<br>YWYFDVWGTGTTVTVSGPSV<br>FPLAPSSKSTSGGTAALGCL<br>VKDYFPEPVTVSWNSGALTS<br>GVHTFPAVLQSSGLYSLSSV<br>VTVPSSSLGTQTYICNVNHK<br>PSNTKVDKKAEPKSCDKTHT<br>CPPCPAPELLGGPSVFLFPP<br>KPKDTLMISRTPEVTCVVVD<br>VSHEDPEVKFNWYVDGVEVH<br>NAKTKPREEQYNSTYRVVSV<br>LTVLHQDWLNGKEYKCKVSN<br>KALPAPIEKTISKAKGQPRE<br>PQVYTLPPSRDELTKNQVSL<br>TCLVKGFYPSDIAVEWESNG<br>QPENNYKTTPPVLDSDGSFF<br>LYSKLTVDKSRWQQGNVFSC<br>SVMHEALHNHYTQKSLSLSPGK","0.000","0.000","0.000","5.936","2.283","3.501","4.566","3.196","5.936","1.979","1.826","7.154","7.002","1.065","3.957","7.306","4.566","2.283","13.546","7.915"
"1415","Th1069","Pegvisomant","FPTIPLSRLFDNAMLRAHRL<br>HQLAFDTYQEFEEAYIPKEQ<br>KYSFLQNPQTSLCFSESIPT<br>PSNREETQQKSNLELLRISL<br>LLIQSWLEPVQFLRSVFANS<br>LVYGASDSNVYDLLKDLEEG<br>IQTLMGRLEDGSPRTGQIFK<br>QTYSKFDTNSHNDDALLKNY<br>GLLYCFRKDMDKVETFLRIV<br>QCRSVEGSCGF<br>","3.665","2.094","5.759","7.330","6.806","4.188","1.571","4.188","4.712","13.613","1.571","4.712","4.188","6.806","5.759","9.424","5.236","3.665","0.524","4.188"
"1419","Th1070","Botulinum Toxin Type A","MPFVNKQFNYKDPVNGVDIA<br>YIKIPNVGQMQPVKAFKIHN<br>KIWVIPERDTFTNPEEGDLN<br>PPPEAKQVPVSYYDSTYLST<br>DNEKDNYLKGVTKLFERIYS<br>TDLGRMLLTSIVRGIPFWGG<br>STIDTELKVIDTNCINVIQP<br>DGSYRSEELNLVIIGPSADI<br>IQFECKSFGHEVLNLTRNGY<br>GSTQYIRFSPDFTFGFEESL<br>EVDTNPLLGAGKFATDPAVT<br>LAHELIHAGHRLYGIAINPN<br>RVFKVNTNAYYEMSGLEVSF<br>EELRTFGGHDAKFIDSLQEN<br>EFRLYYYNKFKDIASTLNKA<br>KSIVGTTASLQYMKNVFKEK<br>YLLSEDTSGKFSVDKLKFDK<br>LYKMLTEIYTEDNFVKFFKV<br>LNRKTYLNFDKAVFKINIVP<br>KVNYTIYDGFNLRNTNLAAN<br>FNGQNTEINNMNFTKLKNFT<br>GLFEFYKLLCVRGIITSKTK<br>SLDKGYNKALNDLCIKVNNW<br>DLFFSPSEDNFTNDLNKGEE<br>ITSDTNIEAAEENISLDLIQ<br>QYYLTFNFDNEPENISIENL<br>SSDIIGQLELMPNIERFPNG<br>KKYELDKYTMFHYLRAQEFE<br>HGKSRIALTNSVNEALLNPS<br>RVYTFFSSDYVKKVNKATEA<br>AMFLGWVEQLVYDFTDETSE<br>VSTTDKIADITIIIPYIGPA<br>LNIGNMLYKDDFVGALIFSG<br>AVILLEFIPEIAIPVLGTFA<br>LVSYIANKVLTVQTIDNALS<br>KRNEKWDEVYKYIVTNWLAK<br>VNTQIDLIRKKMKEALENQA<br>EATKAIINYQYNQYTEEEKN<br>NINFNIDDLSSKLNESINKA<br>MININKFLNQCSVSYLMNSM<br>IPYGVKRLEDFDASLKDALL<br>KYIYDNRGTLIGQVDRLKDK<br>VNNTLSTDIPFQLSKYVDNQ<br>RLLSTFTEYIKNIINTSILN<br>LRYESNHLIDLSRYASKINI<br>GSKVNFDPIDKNQIQLFNLE<br>SSKIEVILKNAIVYNSMYEN<br>FSTSFWIRIPKYFNSISLNN<br>EYTIINCMENNSGWKVSLNY<br>GEIIWTLQDTQEIKQRVVFK<br>YSQMINISDYINRWIFVTIT<br>NNRLNNSKIYINGRLIDQKP<br>ISNLGNIHASNNIMFKLDGC<br>RDTHRYIWIKYFNLFDKELN<br>EKEIKDLYDNQSNSGILKDF<br>WGDYLQYDKPYYMLNLYDPN<br>KYVDVNNVGIRGYMYLKGPR<br>GSVMTTNIYLNSSLYRGTKF<br>IIKKYASGNKDNIVRNNDRV<br>YINVVVKNKEYRLATNASQA<br>GVEKILSALEIPDVGNLSQV<br>VVMKSKNDQGITNKCKMNLQ<br>DNNGNDIGFIGFHQFNNIAK<br>LVASNWYNRQIERSSRTLGC<br>SWEFIPVDDGWGERPL<br>","4.090","0.694","6.019","5.864","5.401","4.938","0.926","9.182","7.948","8.719","1.852","10.648","2.932","3.009","3.318","6.481","5.478","5.633","1.157","5.710"
"1422","Th1071","Pancrelipase","Pancreatic alpha amylase: QYSPNTQQGRTSIV<br>HLFEWRWVDIALECERYLAP<br>KGFGGVQVSPPNENVAIYNP<br>FRPWWERYQPVSYKLCTRSG<br>NEDEFRNMVTRCNNVGVRIY<br>VDAVINHMCGNAVSAGTSST<br>CGSYFNPGSRDFPAVPYSGW<br>DFNDGKCKTGSGDIENYNDA<br>TQVRDCRLTGLLDLALEKDY<br>VRSKIAEYMNHLIDIGVAGF<br>RLDASKHMWPGDIKAILDKL<br>HNLNSNWFPAGSKPFIYQEV<br>IDLGGEPIKSSDYFGNGRVT<br>EFKYGAKLGTVIRKWNGEKM<br>SYLKNWGEGWGFVPSDRALV<br>FVDNHDNQRGHGAGGASILT<br>FWDARLYKMAVGFMLAHPYG<br>FTRVMSSYRWPRQFQNGNDV<br>NDWVGPPNNNGVIKEVTINP<br>DTTCGNDWVCEHRWRQIRNM<br>VIFRNVVDGQPFTNWYDNGS<br>NQVAFGRGNRGFIVFNNDDW<br>SFSLTLQTGLPAGTYCDVIS<br>GDKINGNCTGIKIYVSDDGK<br>AHFSISNSAEDPFIAIHAESKL","0.000","0.000","6.136","2.819","6.219","3.814","5.058","9.784","2.073","5.390","5.141","6.302","1.327","6.799","5.141","2.902","4.312","7.380","5.390","8.043"
"1428","Th1072","Streptokinase","MKNYLSFGMFALLFALTFGT<br>VNSVQAIAGPEWLLDRPSVN<br>NSQLVVSVAGTVEGTNQDIS<br>LKFFEIDLTSRPAHGGKTEQ<br>GLSPKSKPFATDSGAMSHKL<br>EKADLLKAIQEQLIANVHSN<br>DDYFEVIDFASDATITDRNG<br>KVYFADKDGSVTLPTQPVQE<br>FLLSGHVRVRPYKEKPIQNQ<br>AKSVDVEYTVQFTPLNPDDD<br>FRPGLKDTKLLKTLAIGDTI<br>TSQELLAQAQSILNKNHPGY<br>TIYERDSSIVTHDNDIFRTI<br>LPMDQEFTYRVKNREQAYRI<br>NKKSGLNEEINNTDLISEKY<br>YVLKKGEKPYDPFDRSHLKL<br>FTIKYVDVDTNELLKSEQLL<br>TASERNLDFRDLYDPRDKAK<br>LLYNNLDAFGIMDYTLTGKV<br>EDNHDDTNRIITVYMGKRPE<br>GENASYHLAYDKDRYTEEER<br>EVYSYLRYTGTPIPDNPNDK<br>","5.455","0.000","9.091","6.364","4.318","5.000","2.045","5.227","7.500","9.773","1.364","6.136","4.773","3.864","4.545","6.136","7.273","5.682","0.227","5.227"
"1431","Th1073","Alemtuzumab","Heavy Chain 1: QVQLQ<br>ESGPGLVRPSQTLSLTCTVS<br>GFTFTDFYMNWVRQPPGRGL<br>EWIGFIRDKAKGYTTEYNPS<br>VKGRVTMLVDTSKNQFSLRL<br>SSVTAADTAVYYCAREGHTA<br>APFDYWGQGSLVTVSSASTK<br>GPSVFPLAPSSKSTSGGTAA<br>LGCLVKDYFPEPVTVSWNSG<br>ALTSGVHTFPAVLQSSGLYS<br>LSSVVTVPSSSLGTQTYICN<br>VNHKPSNTKVDKKVEPKSCD<br>KTHTCPPCPAPELLGGPSVF<br>LFPPKPKDTLMISRTPEVTC<br>VVVDVSHEDPEVKFNWYVDG<br>VEVHNAKTKPREEQYNSTYR<br>VVSVLTVLHQDWLNGKEYKC<br>KVSNKALPAPIEKTISKAKG<br>QPREPQVYTLPPSRDELTKN<br>QVSLTCLVKGFYPSDIAVEW<br>ESNGQPENNYKTTPPVLDSD<br>GSFFLYSKLTVDKSRWQQGN<br>VFSCSVMHEALHNHYTQKSL<br>SLSPGK","0.000","0.000","0.000","0.000","0.000","4.967","2.113","4.121","4.086","3.734","6.411","1.761","2.536","6.728","7.538","0.740","4.156","6.692","5.178","3.100"
"1433","Th1074","Alglucerase","ARPCIPKSFGYSSVVCVCNA<br>TYCDSFDPPTFPALGTFSRY<br>ESTRSGRRMELSMGPIQANH<br>TGTGLLLTLQPEQKFQKVKG<br>FGGAMTDAAALNILALSPPA<br>QNLLLKSYFSEEGIGYNIIR<br>VPMASCDFSIRTYTYADTPD<br>DFQLHNFSLPEEDTKLKIPL<br>IHRALQLAQRPVSLLASPWT<br>SPTWLKTNGAVNGKGSLKGQ<br>PGDIYHQTWARYFVKFLDAY<br>AEHKLQFWAVTAENEPSAGL<br>LSGYPFQCLGFTPEHQRDFI<br>ARDLGPTLANSTHHNVRLLM<br>LDDQRLLLPHWAKVVLTDPE<br>AAKYVHGIAVHWYLDFLAPA<br>KATLGETHRLFPNTMLFASE<br>ACVGSKFWEQSVRLGSWDRG<br>MQYSHSIITNLLYHVVGWTD<br>WNLALNPEGGPNWVRNFVDS<br>PIIVDITKDTFYKQPMFYHL<br>GHFSKFIPEGSQRVGLVASQ<br>KNDLDAVALMHPDGSAVVVV<br>LNRSSKDVPLTIKDPAVGFL<br>ETISPGYSIHTYLWRRQ<br>","7.847","1.408","5.231","3.622","5.231","6.841","3.622","4.225","4.427","10.865","1.811","3.823","6.841","4.024","4.427","7.243","6.237","6.036","2.414","3.823"
"1437","Th1076","Laronidase","APHLVQVDAARALWPLRRFW<br>RSTGFCPPLPHSQADQYVLS<br>WDQQLNLAYVGAVPHRGIKQ<br>VRTHWLLELVTTRGSTGRGL<br>SYNFTHLDGYLDLLRENQLL<br>PGFELMGSASGHFTDFEDKQ<br>QVFEWKDLVSSLARRYIGRY<br>GLAHVSKWNFETWNEPDHHD<br>FDNVSMTMQGFLNYYDACSE<br>GLRAASPALRLGGPGDSFHT<br>PPRSPLSWGLLRHCHDGTNF<br>FTGEAGVRLDYISLHRKGAR<br>SSISILEQEKVVAQQIRQLF<br>PKFADTPIYNDEADPLVGWS<br>LPQPWRADVTYAAMVVKVIA<br>QHQNLLLANTTSAFPYALLS<br>NDNAFLSYHPHPFAQRTLTA<br>RFQVNNTRPPHVQLLRKPVL<br>TAMGLLALLDEEQLWAEVSQ<br>AGTVLDSNHTVGVLASAHRP<br>QGPADAWRAAVLIYASDDTR<br>AHPNRSVAVTLRLRGVPPGP<br>GLVYVTRYLDNGLCSPDGEW<br>RRLGRPVFPTAEQFRRMRAA<br>EDPVAAAPRPLPAGGRLTLR<br>PALRLPSLLLVHVCARPEKP<br>PGQVTRLRALPLTQGQLVLV<br>WSDEHVGSKCLWTYEIQFSQ<br>DGKAYTPVSRKPSTFNLFVF<br>SPDTGAVSGSYRVRALDYWA<br>RPGPFSDPVPYLEVPVPRGP<br>PSPGNP<br>","8.946","0.958","5.272","3.514","4.153","7.029","3.514","1.597","2.077","11.981","0.958","3.195","8.946","4.633","7.987","6.550","5.272","7.508","2.556","3.355"
"1439","Th1077","Urofollitropin","Alpha chain:APDVQDCP<br>ECTLQENPFFSQPGAPILQC<br>MGCCFSRAYPTPLRSKKTML<br>VQKNVTSESTCCVAKSYNRV<br>TVMGGFKVENHTACHCSTCY<br>YHKS","0.000","5.419","10.837","3.941","5.911","3.448","4.926","2.956","3.448","6.404","4.433","1.970","3.448","5.911","3.448","3.941","7.389","9.852","6.404","0.493"
"1442","Th1078","Efalizumab","Light Chain:DIQMTQSP<br>SSLSASVGDRVTITCRASKT<br>ISKYLAWXQQKPGKAPKLLI<br>YSGSTLQSGVPSRFSGSGSG<br>TDFTLTISSLQPEDFATYYC<br>QQHNEYPLTFGQGTKVEIKR","0.000","4.803","1.747","3.930","3.493","3.930","10.044","1.310","5.677","5.240","7.424","1.747","2.183","3.930","6.550","4.367","11.354","8.297","5.240","2.183"
"1445","Th1079","Serum Albumin","DAHKSEVAHRFKDLGEENFK<br>ALVLIAFAQYLQQCPFEDHV<br>KLVNEVTEFAKTCVADESAE<br>NCDKSLHTLFGDKLCTVATL<br>RETYGEMADCCAKQEPERNE<br>CFLQHKDDNPNLPRLVRPEV<br>DVMCTAFHDNEETFLKKYLY<br>EIARRHPYFYAPELLFFAKR<br>YKAAFTECCQAADKAACLLP<br>KLDELRDEGKASSAKQRLKC<br>ASLQKFGERAFKAWAVARLS<br>QRFPKAEFAEVSKLVTDLTK<br>VHTECCHGDLLECADDRADL<br>AKYICENQDSISSKLKECCE<br>KPLLEKSHCIAEVENDEMPA<br>DLPSLAADFVESKDVCKNYA<br>EAKDVFLGMFLYEYARRHPD<br>YSVVLLLRLAKTYETTLEKC<br>CAAADPHECYAKVFDEFKPL<br>VEEPQNLIKQNCELFEQLGE<br>YKFQNALLVRYTKKVPQVST<br>PTLVEVSRNLGKVGSKCCKH<br>PEAKRMPCAEDYLSVVLNQL<br>CVLHEKTPVSDRVTKCCTES<br>LVNRRPCFSALEVDETYVPK<br>EFNAETFTFHADICTLSEKE<br>RQIKKQTALVELVKHKPKAT<br>KEQLKAVMDDFAAFVEKCCK<br>ADDKETCFAEEGKKLVAASQ<br>AALGL<br>","10.598","5.983","6.154","10.598","5.299","2.051","2.735","1.368","10.085","10.427","1.026","2.906","4.103","3.419","4.103","4.103","4.786","7.009","0.171","3.077"
"1447","Th1080","Choriogonadotropin Alfa","Alpha chain: APDVQDC<br>PECTLQENPFFSQPGAPILQ<br>CMGCCFSRAYPTPLRSKKTM<br>LVQKNVTSESTCCVAKSYNR<br>VTVMGGFKVENHTACHCSTC<br>YYHKS<br>Beta chain: SK<br>EPLRPRCRPINATLAVEKEG<br>CPVCITVNTTICAGYCPTMT<br>RVLQGVLPALPQVVCNYRDV<br>RFESIRLPGCPRGVNPVVSY<br>AVALSCQCALCRRSTTDCGG<br>PKDHPLTCDDPRFQDSSSSK<br>APPPSLPSPSRLPGPSDTPI<br>LPQ<br>","5.485","9.283","3.797","3.376","2.532","5.063","1.688","2.532","4.219","6.751","1.688","3.376","12.236","4.219","6.329","8.861","7.595","8.017","0.000","2.954"
"1451","Th1082","Filgrastim","MTPLGPASSLPQSFLLKCLE<br>QVRKIQGDGAALQEKLCATY<br>KLCHPEELVLLGHSLGIPWA<br>PLSSCPSQALQLAGCLSQLH<br>SGLFLYQGLLQALEGISPEL<br>GPTLDTLQLDVADFATTIWQ<br>QMEELGMAPALQPTQGAMPA<br>FASAFQRRAGGVLVASHLQS<br>FLEVSYRVLRHLAQP<br>","10.857","2.857","2.286","5.143","3.429","8.000","2.857","2.286","2.286","18.857","2.286","0.000","7.429","9.714","2.857","8.000","4.000","4.000","1.143","1.714"
"1453","Th1083","Coagulation Factor Ix","YNSGKLEEFVQGNLERECME<br>EKCSFEEAREVFENTERTTE<br>FWKQYVDGDQCESNPCLNGG<br>SCKDDINSYECWCPFGFEGK<br>NCELDVTCNIKNGRCEQFCK<br>NSADNKVVCSCTEGYRLAEN<br>QKSCEPAVPFPCGRVSVSQT<br>SKLTRAEAVFPDVDYVNSTE<br>AETILDNITQSTQSFNDFTR<br>VVGGEDAKPGQFPWQVVLNG<br>KVDAFCGGSIVNEKWIVTAA<br>HCVETGVKITVVAGEHNIEE<br>TEHTEQKRNVIRIIPHHNYN<br>AAINKYNHDIALLELDEPLV<br>LNSYVTPICIADKEYTNIFL<br>KFGSGYVSGWGRVFHKGRSA<br>LVLQYLRVPLVDRATCLRST<br>KFTIYNNMFCAGFHEGGRDS<br>CQGDSGGPHVTEVEGTSFLT<br>GIISWGEECAMKGKYGIYTK<br>VSRYVNWIKEKTKLT<br>","4.819","5.301","4.337","9.639","4.819","8.193","2.169","5.060","6.265","5.060","0.723","6.747","3.133","3.133","4.096","6.024","6.747","8.434","1.687","3.614"
"1454","Th1084","Becaplermin","SLGSLTIAEPAMIAECKTRT<br>EVFEISRRLIDRTNANFLVW<br>PPCVEVQRCSGCCNNRNVQC<br>RPTQVQLRPVQVRKIEIVRK<br>KPIFKKATVTLEDHLACKCE<br>TVAAARPVT<br>","8.257","7.339","1.835","7.339","2.752","1.835","0.917","6.422","6.422","6.422","0.917","4.587","6.422","4.587","10.092","3.670","8.257","11.009","0.917","0.000"
"1455","Th1085","Agalsidase Beta","LDNGLARTPTMGWLHWERFM<br>CNLDCQEEPDSCISEKLFME<br>MAELMVSEGWKDAGYEYLCI<br>DDCWMAPQRDSEGRLQADPQ<br>RFPHGIRQLANYVHSKGLKL<br>GIYADVGNKTCAGFPGSFGY<br>YDIDAQTFADWGVDLLKFDG<br>CYCDSLENLADGYKHMSLAL<br>NRTGRSIVYSCEWPLYMWPF<br>QKPNYTEIRQYCNHWRNFAD<br>IDDSWKSIKSILDWTSFNQE<br>RIVDVAGPGGWNDPDMLVIG<br>NFGLSWNQQVTQMALWAIMA<br>APLFMSNDLRHISPQAKALL<br>QDKDVIAINQDPLGKQGYQL<br>RQGDNFEVWERPLSGLAWAV<br>AMINRQEIGGPRSYTIAVAS<br>LGKGVACNPACFITQLLPVK<br>RKLGFYEWTSRLRSHINPTG<br>TVLLQLENTMQMSLKDLL<br>","7.035","3.015","7.286","4.523","3.769","7.789","1.759","5.276","4.271","10.302","3.769","5.025","4.774","5.528","4.774","5.779","3.518","4.020","4.020","3.769"
"1456","Th1086","Interferon Alfa-2B","Recombinant","0.000","4.848","2.424","4.848","8.485","6.061","3.030","1.818","4.848","5.455","12.727","3.030","3.030","3.030","7.273","6.061","8.485","6.061","4.242","1.212"
"1460","Th1087","Oxytocin","CYIQNCPLG<br>","0.000","22.222","0.000","0.000","0.000","11.111","0.000","11.111","0.000","11.111","0.000","11.111","11.111","11.111","0.000","0.000","0.000","0.000","0.000","11.111"
"1462","Th1088","Enfuvirtide","YTSLIHSLIEESQNQQEKNE<br>QELLELDKWASLWNWF<br>","2.778","0.000","2.778","16.667","2.778","0.000","2.778","5.556","5.556","16.667","0.000","8.333","0.000","11.111","0.000","11.111","2.778","0.000","8.333","2.778"
"1465","Th1089","Palivizumab","VH region: QVTLRESG<br>PALVKPTQTLTLTCTFSGFS<br>LSTSGMSVGWIRQPPGKALE<br>WLADIWWDDKKDYNPSLKSR<br>LTISKDTSKNQVVLKVTNMD<br>PADTATYYCARSMITNWYFD<br>VWGAGTTVTVSS<br>","5.833","1.667","6.667","1.667","2.500","5.833","0.000","3.333","6.667","8.333","2.500","3.333","5.000","3.333","3.333","10.833","13.333","7.500","5.000","3.333"
"1466","Th1090","Daclizumab","QVQLVQSGAEVKKPGSSVKV<br>SCKASGYTFTSYRMHWVRQA<br>PGQGLEWIGYINPSTGYTEY<br>NQKFKDKATITADESTNTAY<br>MELSSLRSEDTAVYYCARGG<br>GVFDYWGQGTTLTVSSGPSV<br>FPLAPSSKSTSGGTAALGCL<br>VKDYFPEPVTVSWNSGALTS<br>GVHTFPAVLQSSGLYSLSSV<br>VTVPSSSLGTQTYICNVNHK<br>PSNTKVDKKAEPKSCDKTHT<br>CPPCPAPELLGGPSVFLFPP<br>KPKDTLMISRTPEVTCVVVD<br>VSHEDPEVKFNWYVDGVEVH<br>NAKTKPREEQYNSTYRVVSV<br>LTVLHQDWLNGKEYKCKVSN<br>KALPAPIEKTISKAKGQPRE<br>PQVYTLPPSRDELTKNQVSL<br>TCLVKGFYPSDIAVEWESNG<br>QPENNYKTTPPVLDSDGSFF<br>LYSKLTVDKSRWQQGNVFSC<br>SVMHEALHNHYTQKSLSLSP<br>GK Light Cha<br>in: DIQMTQSPSTLSASVG<br>DRVTITCSASSSISYMHWYQ<br>QKPGKAPKLLIYTTSNLASG<br>VPARFSGSGSGTEFTLTISS<br>LQPDDFATYYCHQRSTYPLT<br>FGSGTKVEVKRTVAAPSVFI<br>FPPSDEQLKSGTASVVCLLN<br>NFYPREAKVQWKVDNALQSG<br>NSQESVTEQDSKDSTYSLSS<br>TLTLSKADYEKHKVYACEVT<br>HQGLSSPVTKSFNR<br>","5.045","2.374","3.858","4.599","3.116","6.083","2.077","2.077","6.973","6.973","0.890","3.561","6.677","4.451","2.374","12.611","8.605","8.605","1.484","7.567"
"1468","Th1091","Bevacizumab","DIQMTQSPSSLSASVGDRVT<br>ITCSASQDISNYLNWYQQKP<br>GKAPKVLIYFTSSLHSGVPS<br>RFSGSGSGTDFTLTISSLQP<br>EDFATYYCQQYSTVPWTFGQ<br>GTKVEIKRTVAAPSVFIFPP<br>SDEQLKSGTASVVCLLNNFY<br>PREAKVQWKVDNALQSGNSQ<br>ESVTEQDSKDSTYSLSSTLT<br>LSKADYEKHKVYACEVTHQG<br>LSSPVTKSFNRGEC<br>","5.140","2.336","4.673","4.206","4.206","5.607","1.402","3.271","6.075","6.542","0.467","3.271","5.140","7.009","2.336","15.888","8.879","7.477","1.402","4.673"
"1478","Th1098","Exenatide","HGEGTFTSDLSKQMEEEAVR<br>LFIEWLKNGGPSSGAPPPS<br>","5.128","0.000","2.564","12.821","5.128","12.821","2.564","2.564","5.128","7.692","2.564","2.564","10.256","2.564","2.564","12.821","5.128","2.564","2.564","0.000"
"1480","Th1099","Mecasermin","GPETLCGAELVDALQFVCGD<br>RGFYFNKPTGYGSSSRRAPQ<br>TGIVDECCFRSCDLRRLEMY<br>CAPLKPAKSA<br>","8.571","8.571","5.714","5.714","5.714","10.000","0.000","1.429","4.286","8.571","1.429","1.429","7.143","2.857","8.571","7.143","4.286","4.286","0.000","4.286"
"1482","Th1100","Pramlintide","KCNTATCATQRLANFLVHSS<br>NNFGPILPPTNVGSNTY<br>","8.108","5.405","0.000","0.000","5.405","5.405","2.703","2.703","2.703","8.108","0.000","16.216","8.108","2.703","2.703","8.108","13.514","5.405","0.000","2.703"
"1494","Th1101","Galsulfase","SGAGASRPPHLVFLLADDLG<br>WNDVGFHGSRIRTPHLDALA<br>AGGVLLDNYYTQPLCTPSRS<br>QLLTGRYQIRTGLQHQIIWP<br>CQPSCVPLDEKLLPQLLKEA<br>GYTTHMVGKWHLGMYRKECL<br>PTRRGFDTYFGYLLGSEDYY<br>SHERCTLIDALNVTRCALDF<br>RDGEEVATGYKNMYSTNIFT<br>KRAIALITNHPPEKPLFLYL<br>ALQSVHEPLQVPEEYLKPYD<br>FIQDKNRHHYAGMVSLMDEA<br>VGNVTAALKSSGLWNNTVFI<br>FSTDNGGQTLAGGNNWPLRG<br>RKWSLWEGGVRGVGFVASPL<br>LKQKGVKNRELIHISDWLPT<br>LVKLARGHTNGTKPLDGFDV<br>WKTISEGSPSPRIELLHNID<br>PNFVDSSPCPRNSMAPAKDD<br>SSLPEYSAFNTSVHAAIRHG<br>NWKLLTGYPGCGYWFPPPSQ<br>YNVSEIPSSDPPTKTLWLFD<br>IDRDPEERHDLSREYPHIVT<br>KLLSRLQFYHKHSVPVYFPA<br>QDPRCDPKATGVWGPWM<br>","5.433","1.811","5.835","4.225","3.622","8.048","4.024","3.823","4.628","11.066","1.408","4.225","8.249","3.018","5.433","6.841","5.835","5.231","2.817","4.427"
"1500","Th1103","Cosyntropin","ACTH(1-24): SYSMEHFRWG<br>KPVGKKRRPVKVYP<br>","0.000","0.000","0.000","4.167","4.167","8.333","4.167","0.000","16.667","0.000","4.167","0.000","12.500","0.000","12.500","8.333","0.000","12.500","4.167","8.333"
"1502","Th1105","Insulin Aspart","A chain: GIVEQCCTSICSL<br>YQLENYCN","0.000","1.961","11.765","1.961","7.843","5.882","7.843","3.922","3.922","1.961","11.765","0.000","5.882","0.000","5.882","1.961","5.882","5.882","7.843","0.000"
"1511","Th1106","Insulin Detemir","A chain: GIVEQCCTSICSL<br>YQLENYCN","0.000","2.000","12.000","0.000","8.000","6.000","8.000","4.000","4.000","2.000","12.000","0.000","6.000","2.000","6.000","2.000","6.000","4.000","8.000","0.000"
"1520","Th1107","Insulin Glulisine","A chain: GIVEQCCTSICSL<br>YQLENYCN","0.000","1.961","11.765","0.000","9.804","5.882","7.843","3.922","3.922","1.961","11.765","0.000","3.922","1.961","5.882","1.961","5.882","5.882","7.843","0.000"
"1533","Th1112","Interferon Alpha-1","Inteferon alpha-1:<br> CDLPETHSLDNRRTLMLLAQMS<br>RISPSSCLMDRHDFGFPQEE<br>FDGNQFQKAPAISVLHELIQ<br>QIFNLFTTKDSSAAWDEDLL<br>DKFCTELYQQLNDLEACVMQ<br>EERVGETPLMNADSILAVKK<br>YFRRITLYLTEKKYSPCAWE<br>VVRAEIMRSLSLSTNLQERLRRKE","0.000","6.024","3.012","6.627","9.036","4.819","1.807","1.807","4.217","4.819","13.253","3.614","3.614","3.614","6.024","7.229","7.831","5.422","3.614","1.205"
"1533","Th1112","Inteferon Alpha-2","Inteferon alpha-2 CDLPQTHSLGSRRTLML<br>LAQMRKISLFSCLKDRHDFG<br>FPQEEFGNQFQKAETIPVLH<br>EMIQQIFNLFSTKDSSAAWD<br>ETLLDKFYTELYQQLNDLEA<br>CVIQGVGVTETPLMKEDSIL<br>AVRKYFQRITLYLKEKKYSP<br>CAWEVVRAEIMRSFSLSTNL<br>QESLRSK","0.000","4.848","2.424","4.848","8.485","6.061","3.030","1.818","4.848","6.667","12.727","3.030","2.424","3.030","7.273","5.455","8.485","6.061","4.242","1.212"
"1533","Th1112","Interferon Alpha-8","Interferon alpha-8 CDLPQTHSLGNRR<br>ALILLAQMRRISPFSCLKDR<br>HDFEFPQEEFDDKQFQKAQA<br>ISVLHEMIQQTFNLFSTKDS<br>SAALDETLLDEFYIELDQQL<br>NDLESCVMQEVGVIESPLMY<br>EDSILARKYFQRITLYLTEK<br>KYSSCAWEVVRAEIMRSFSL<br>SINLQKRLKSKE","0.000","5.422","2.410","6.627","9.036","6.024","1.205","1.807","6.024","6.024","12.651","3.012","2.410","2.410","7.831","6.024","9.639","3.614","4.217","0.602"
"1533","Th1112","Interferon Alpha-10","Interferon alpha-10 CDLPQTH<br>SLGNRRALILLGQMGRISPF<br>SCLKDRHDFRIPQEEFDGNQ<br>FQKAQAISVLHEMIQQTFNL<br>FSTEDSSAAWEQSLLEKFST<br>ELYQQLNDLEACVIQEVGVE<br>ETPLMNEDSILAVRKYFQRI<br>TLYLIERKYSPCAWEVVRAE<br>IMRSLSFSTNLQKRLRRKD","0.000","5.422","2.410","4.819","9.036","5.422","3.012","1.807","6.024","4.217","12.048","2.410","3.614","3.012","8.434","7.831","8.434","4.217","4.217","1.205"
"1533","Th1112","Interferon Alpha-14","Interferon alpha-14 <br>CNLSQTHSLNNRRTLMLMAQ<br>MRRISPFSCLKDRHDFEFPQ<br>EEFDGNQFQKAQAISVLHEM<br>MQQTFNLFSTKNSSAAWDET<br>LLEKFYIELFQQMNDLEACV<br>IQEVGVEETPLMNEDSILAV<br>KKYFQRITLYLMEKKYSPCA<br>WEVVRAEIMRSLSFSTNLQK<br>","5.422","2.410","4.217","9.036","6.627","1.205","1.807","4.217","6.024","10.843","5.422","5.422","2.410","7.831","6.627","7.831","4.819","4.217","1.205","2.410"
"1533","Th1112","Interferon Alpha-21","Interferon alpha-21 CDLPQTHSLGNRR<br>ALILLAQMGRISPFSCLKDR<br>HDFGFPQEEFDGNQFQKAQA<br>ISVLHEMIQQTFNLFSTKDS<br>SATWEQSLLEKFSTELNQQL<br>NDLEACVIQEVGVEETPLMN<br>VDSILAVKKYFQRITLYLTE<br>KKYSPCAWEVVRAEIMRSFS<br>LSKIFQERLRRKE<br>","5.422","2.410","4.217","9.036","6.627","3.012","1.807","5.422","6.024","11.446","2.410","3.614","3.012","8.434","6.024","8.434","4.819","4.819","1.205","1.807"
"1535","Th1114","Preotact","Parathyroid hormone:<br> SVSEIQLMHNLGKHLNSME<br>RVEWLRKKLQDVHNFVALGA<br>PLAPRDAGSQRPRKKEDNVL<br>VESHEKSLGEADKADVNVLT<br>KAKSQ<br>","8.333","0.000","5.952","8.333","1.190","4.762","4.762","1.190","10.714","11.905","2.381","5.952","3.571","4.762","5.952","8.333","1.190","9.524","1.190","0.000"
"1537","Th1116","Canakinumab","H-GAMMA-1 (VH(1-118)<br>+CH1(119-216)+HINGE-<br>REGION(217-231)+CH2<br>(232-341)+CH3(342-448) <br>QVQLVESGGGVVQPGRSL<br>RLSCAASGFTFSVYGMNWVR<br>QAPGKGLEWVAIIWYDGDNQ<br>YYADSVKGRFTISRDNSKNT<br>LYLQMNGLRAEDTAVYYCAR<br>DLRTGPFDYWGQGTLVTVSS<br>ASTKGPSVFPLAPSSKSTSG<br>GTAALGCLVKDYFPEPVTVS<br>WNSGALTSGVHTFPAVLQSS<br>GLYSLSSVVTVPSSSLGTQT<br>YICNVNHKPSNTKVDKRVEP<br>KSCDKTHTCPPCPAPELLGG<br>PSVFLFPPKPKDTLMISRTP<br>EVTCVVVDVSHEDPEVKFNW<br>YVDGVEVHNAKTKPREEQYN<br>STYRVVSVLTVLHQDWLNGK<br>EYKCKVSNKALPAPIEKTIS<br>KAKGQPREPQVYTLPPSREE<br>MTKNQVSLTCLVKGFYPSDI<br>AVEWESNGQPENNYKTTPPV<br>LDSDGSFFLYSKLTVDKSRW<br>QQGNVFSCSVMHEALHNHYT<br>QKSLSLSPGK <br>L-KAPPA (V-KAPPA(1-107)+C-<br>KAPPA(108-214))<br>|214|MW 23357.9|MW23357.9<br>QVQLVESGG<br>GVVQPGRSLRLSCAASGFTF<br>SVYGMNWVRQAPGKGLEWVA<br>IIWYDGDNQYYADSVKGRFT<br>ISRDNSKNTLYLQMNGLRAE<br>DTAVYYCARDLRTGPFDYWG<br>QGTLVTVSSASTKGPSVFPL<br>APSSKSTSGGTAALGCLVKD<br>YFPEPVTVSWNSGALTSGVH<br>TFPAVLQSSGLEIVLTQSPD<br>FQSVTPKEKVTITCRASQSI<br>GSSLHWYQQKPDQSPKLLIK<br>YASQSFSGVPSRFSGSGSGT<br>DFTLTINSLEAEDAAAYYCH<br>QSSSLPFTFGPGTKVDIKRT<br>VAAPSVFIFPPSDEQLKSGT<br>ASVVCLLNNFYPREAKVQWK<br>VDNALQSGNSQESVTEQDSK<br>DSTYSLSSTLTLSKADYEKH<br>KVYACEVTHQGLSSPVTKSF<br>NRGEC<br>","5.701","2.257","4.394","4.276","3.682","7.601","1.663","2.138","6.057","7.601","0.831","3.800","6.532","4.751","3.325","12.352","7.482","9.264","1.900","4.394"
"1556","Th1120","Teriparatide","Parathyroid hormone precursor <br> Homo sapiens (1-34)<br>SVSEIQLMH<br>NLGKHLNSMERVEWLRKKLQ<br>DVHNF<br>","0.000","0.000","2.941","8.824","2.941","2.941","8.824","2.941","8.824","14.706","5.882","8.824","0.000","5.882","5.882","8.824","0.000","8.824","2.941","0.000"
"1560","Th1121","Pertuzumab","light chain DIQMTQSP<br>SSLSASVGDRVTITCKASQD<br>VSIGVAWYQQKPGKAPKLLI<br>YSASYRYTGVPSRFSGSGSG<br>TDFTLTISSLQPEDFATYYC<br>QQYYIYPYTFGQGTKVEIKR<br>TVAAPSVFIFPPSDEQLKSG<br>TASVVCLLNNFYPREAKVQW<br>KVDNALQSGNSQESVTEQDS<br>KDSTYSLSSTLTLSKADYEK<br>HKVYACEVTHQGLSSPVTKS<br>FNRGEC","0.000","4.970","2.410","4.217","4.669","3.614","6.777","1.657","2.108","6.627","7.380","0.904","3.916","6.928","4.819","2.861","12.349","7.831","9.187","1.506"
"1562","Th1122","Rilonacept","rilonacept|Homo sapiens<br>||FUSION-IL1RAP-IL1R1-GAMMA-1<br>(IL1RAP+(Pr21-359)(1-339)+I<br>L1R1+(Pr22-333)(340-651)+<br>HINGE-REGION(652-663)+CH2(664-773)+<br>CH3(774-880))|||||||<br>880||||MW 100630.6<br>|MW100630.6|: SERCDDWGL<br>DTMRQIQVFEDEPARIKCPL<br>FEHFLKFNYSTAHSAGLTLI<br>WYWTRQDRDLEEPINFRLPE<br>NRISKEKDVLWFRPTLLNDT<br>GNYTCMLRNTTYCSKVAFPL<br>EVVQKDSCFNSPMKLPVHKL<br>YIEYGIQRITCPNVDGYFPS<br>SVKPTITWYMGCYKIQNFNN<br>VIPEGMNLSFLIALISNNGN<br>YTCVVTYPENGRTFHLTRTL<br>TVKVVGSPKNAVPPVIHSPN<br>DHVVYEKEPGEELLIPCTVY<br>FSFLMDSRNEVWWTIDGKKP<br>DDITIDVTINESISHSRTED<br>ETRTQILSIKKVTSEDLKRS<br>YVCHARSAKGEVAKAAKVKQ<br>KVPAPRYTVEKCKEREEKII<br>LVSSANEIDVRPCPLNPNEH<br>KGTITWYKDDSKTPVSTEQA<br>SRIHQHKEKLWFVPAKVEDS<br>GHYYCVVRNSSYCLRIKISA<br>KFVENEPNLCYNAQAIFKQK<br>LPVAGDGGLVCPYMEFFKNE<br>NNELPKLQWYKDCKPLLLDN<br>IHFSGVKDRLIVMNVAEKHR<br>GNYTCHASYTYLGKQYPITR<br>VIEFITLEENKPTRPVIVSP<br>ANETMEVDLGSQIQLICNVT<br>GQLSDIAYWKWNGSVIDEDD<br>PVLGEDYYSVENPANKRRST<br>LITVLNISEIESRFYKHPFT<br>CFAKNTHGIDAAYIQLIYPV<br>TNSGDKTHTCPPCPAPELLG<br>GPSVFLFPPKPKDTLMISRT<br>PEVTCVVVDVSHEDPEVKFN<br>WYVDGVEVHNAKTKPREEQY<br>NSTYRVVSVLTVLHQDWLNG<br>KEYKCKVSNKALPAPIEKTI<br>SKAKGQPREPQVYTLPPSRD<br>ELTKNQVSLTCLVKGFYPSD<br>IAVEWESNGQPENNYKTTPP<br>VLDSDGSFFLYSKLTVDKSR<br>WQQGNVFSCSVMHEALHNHY<br>TQKSLSLSPGK<br>","3.864","2.955","5.000","7.045","3.523","4.205","2.727","5.682","7.727","7.273","1.250","6.023","7.045","3.068","4.091","7.045","6.705","8.295","1.818","4.659"
"1570","Th1123","Denosumab","Heavy chain EVQLLESG<br>GGLVQPGGSLRLSCAASGFT<br>FSSYAMSWVRQAPGKGLEWV<br>SGITGSGGSTYYADSVKGRF<br>TISRDNSKNTLYLQMNSLRA<br>EDTAVYYCAKDPGTTVIMSW<br>FDPWGQGTLVTVSSASTKGP<br>SVFPLAPSSKSTSGGTAALG<br>CLVKDYFPEPVTVSWNSGAL<br>TSGVHTFPAVLQSSGLYSLS<br>SVVTVPSSSLGTQTYICNVN<br>HKPSNTKVDKKVEPKSCDKT<br>HTCPPCPAPELLGGPSVFLF<br>PPKPKDTLMISRTPEVTCVV<br>VDVSHEDPEVKFNWYVDGVE<br>VHNAKTKPREEQYNSTYRVV<br>SVLTVLHQDWLNGKEYKCKV<br>SNKALPAPIEKTISKAKGQP<br>REPQVYTLPPSRDELTKNQV<br>SLTCLVKGFYPSDIAVEWES<br>NGQPENNYKTTPPVLDSDGS<br>FFLYSKLTVDKSRWQQGNVF<br>SCSVMHEALHNHYTQKSLSLSPGK","0.000","5.271","2.259","3.916","4.819","3.464","7.380","1.657","2.108","6.476","7.982","0.753","3.464","7.078","4.518","3.464","12.952","7.982","8.735","1.657"
"1576","Th1124","Liraglutide","HAEGTFTSDVSSYLEGQAAK<br>EEFIIAWLVKGRG<br>","12.121","0.000","3.030","12.121","6.061","12.121","3.030","6.061","6.061","6.061","0.000","0.000","0.000","3.030","3.030","9.091","6.061","6.061","3.030","3.030"
"1596","Th1126","Belatacept","MHVAQPAVVLASSRGIASFV<br>CEYASPGKYTEVRVTVLRQA<br>DSQVTEVCAATYMMGNELTF<br>LDDSICTGTSSGNQVNLTIQ<br>GLRAMDTGLYICKVELMYPP<br>PYYEGIGNGTQIYVIDPEPC<br>PDSDQEPKSSDKTHTSPPSP<br>APELLGGSSVFLFPPKPKDT<br>LMISRTPEVTCVVVDVSHED<br>PEVKFNWYVDGVEVHNAKTK<br>PREEQYNSTYRVVSVLTVLH<br>QDWLNGKEYKCKVSNKALPA<br>PIEKTISKAKGQPREPQVYT<br>LPPSRDELTKNQVSLTCLVK<br>GFYPSDIAVEWESNGQPENN<br>YKTTPPVLDSDGSFFLYSKL<br>TVDKSRWQQGNVFSCSVMHE<br>ALHNHYTQKSLSLSPGK<br>","4.482","2.521","5.042","6.443","2.521","5.602","2.241","3.081","6.443","7.283","1.961","4.202","8.403","4.482","2.801","9.524","7.283","9.804","1.120","4.762"
"1603","Th1129","Velaglucerase Alfa","ARPCIPKSFGYSSVVCVCNA<br>TYCDSFDPPTFPALGTFSRY<br>ESTRSGRRMELSMGPIQANH<br>TGTGLLLTLQPEQKFQKVKG<br>FGGAMTDAAALNILALSPPA<br>QNLLLKSYFSEEGIGYNIIR<br>VPMASCDFSIRTYTYADTPD<br>DFQLHNFSLPEEDTKLKIPL<br>IHRALQLAQRPVSLLASPWT<br>SPTWLKTNGAVNGKGSLKGQ<br>PGDIYHQTWARYFVKFLDAY<br>AEHKLQFWAVTAENEPSAGL<br>LSGYPFQCLGFTPEHQRDFI<br>ARDLGPTLANSTHHNVRLLM<br>LDDQRLLLPHWAKVVLTDPE<br>AAKYVHGIAVHWYLDFLAPA<br>KATLGETHRLFPNTMLFASE<br>ACVGSKFWEQSVRLGSWDRG<br>MQYSHSIITNLLYHVVGWTD<br>WNLALNPEGGPNWVRNFVDS<br>PIIVDITKDTFYKQPMFYHL<br>GHFSKFIPEGSQRVGLVASQ<br>KNDLDAVALMHPDGSAVVVV<br>LNRSSKDVPLTIKDPAVGFL<br>ETISPGYSIHTYLWRRQ<br>","7.847","1.408","5.231","3.622","5.231","6.841","3.622","4.225","4.427","10.865","1.811","3.823","6.841","4.024","4.427","7.243","6.237","6.036","2.414","3.823"
"1604","Th1130","Tesamorelin","YADAIFTNSYRKVLGQLSAR<br>KLLQDIMSRQQGESNQERGA<br>RARL<br>","11.364","0.000","4.545","4.545","2.273","6.818","0.000","4.545","4.545","11.364","2.273","4.545","0.000","11.364","13.636","9.091","2.273","2.273","0.000","4.545"
"1615","Th1133","Aflibercept","SDTGRPFVEMYSEIPEIIHM<br>TEGRELVIPCRVTSPNITVT<br>LKKFPLDTLIPDGKRIIWDS<br>RKGFIISNATYKEIGLLTCE<br>ATVNGHLYKTNYLTHRQTNT<br>IIDVVLSPSHGIELSVGEKL<br>VLNCTARTELNVGIDFNWEY<br>PSSKHQHKKLVNRDLKTQSG<br>SEMKKFLSTLTIDGVTRSDQ<br>GLYTCAASSGLMTKKNSTFV<br>RVHEKDKTHTCPPCPAPELL<br>GGPSVFLFPPKPKDTLMISR<br>TPEVTCVVVDVSHEDPEVKF<br>NWYVDGVEVHNAKTKPREEQ<br>YNSTYRVVSVLTVLHQDWLN<br>GKEYKCKVSNKALPAPIEKT<br>ISKAKGQPREPQVYTLPPSR<br>DELTKNQVSLTCLVKGFYPS<br>DIAVEWESNGQPENNYKTTP<br>PVLDSDGSFFLYSKLTVDKS<br>RWQQGNVFSCSVMHEALHNH<br>YTQKSLSLSPG<br>","2.784","2.320","4.640","6.497","3.016","5.336","3.248","4.640","8.121","8.585","1.392","4.872","6.961","3.016","3.712","8.585","8.817","8.585","1.392","3.480"
"1621","Th1134","Asparaginase Erwinia Chrysanthemi","ADKLPNIVILATGGTIAGSA<br>ATGTQTTGYKAGALGVDTLI<br>NAVPEVKKLANVKGEQFSNM<br>ASENMTGDVVLKLSQRVNEL<br>LARDDVDGVVITHGTDTVEE<br>SAYFLHLTVKSDKPVVFVAA<br>MRPATAISADGPMNLLEAVR<br>VAGDKQSRGRGVMVVLNDRI<br>GSARYITKTNASTLDTFKAN<br>EEGYLGVIIGNRIYYQNRID<br>KLHTTRSVFDVRGLTSLPKV<br>DILYGYQDDPEYLYDAAIQH<br>GVKGIVYAGMGAGSVSVRGI<br>AGMRKAMEKGVVVIRSTRTG<br>NGIVPPDEELPGLVSDSLNP<br>AHARILLMLALTRTSDPKVI<br>QEYFHTY<br>","9.480","0.000","6.422","4.281","1.835","9.786","1.835","6.116","5.199","8.563","2.752","4.281","3.670","2.446","5.505","5.505","7.645","10.703","0.000","3.976"
"1622","Th1135","Ocriplasmin","Truncated heavy chain<br> APSFDCGKPQVEPKKCPGR","0.000","5.578","4.781","2.789","6.375","3.586","9.960","2.789","3.984","5.179","8.367","0.797","3.187","7.570","3.586","5.179","6.375","5.179","9.562","2.390"
"1623","Th1136","Glucarpidase","ALAQKRDNVLFQAATDEQPA<br>VIKTLEKLVNIETGTGDAEG<br>IAAAGNFLEAELKNLGFTVT<br>RSKSAGLVVGDNIVGKIKGR<br>GGKNLLLMSHMDTVYLKGIL<br>AKAPFRVEGDKAYGPGIADD<br>KGGNAVILHTLKLLKEYGVR<br>DYGTITVLFNTDEEKGSFGS<br>RDLIQEEAKLADYVLSFEPT<br>SAGDEKLSLGTSGIAYVQVN<br>ITGKASHAGAAPELGVNALV<br>EASDLVLRTMNIDDKAKNLR<br>FNWTIAKAGNVSNIIPASAT<br>LNADVRYARNEDFDAAMKTL<br>EERAQQKKLPEADVKVIVTR<br>GRPAFNAGEGGKKLVDKAVA<br>YYKEAGGTLGVEERTGGGTD<br>AAYAALSGKPVIESLGLPGF<br>GYHSDKAEYVDISAIPRRLY<br>MAARLIMDLGAGK<br>","12.977","0.000","6.361","6.616","2.799","11.196","1.018","5.344","8.142","9.924","1.527","4.580","2.799","1.781","4.326","4.326","5.598","7.125","0.254","3.308"
"1624","Th1137","Teduglutide","HGDGSFSDEMNTILDNLAAR<br>DFINWLIQTKITD<br>","6.061","0.000","15.152","3.030","6.061","6.061","3.030","12.121","3.030","9.091","3.030","9.091","0.000","3.030","3.030","6.061","9.091","0.000","3.030","0.000"
"1628","Th1139","Certolizumab Pegol","Light chain: DIQMTQS<br>PSSLSASVGDRVTITCKASQ<br>NVGTNVAWYQQKPGKAPKAL<br>IYSASFLYSGVPYRFSGSGS<br>GTDFTLTISSLQPEDFATYY<br>CQQYNIYPLTFGQGTKVEIK<br>RTVAAPSVFIFPPSDEQLKS<br>GTASVVCLLNNFYPREAKVQ<br>WKVDNALQSGNSQESVTEQD<br>SKDSTYSLSSTLTLSKADYE<br>KHKVYACEVTHQGLSSPVTK<br>SFNRGEC","0.000","6.998","2.483","3.837","3.612","3.386","8.126","1.129","2.483","5.869","6.998","1.129","3.386","5.192","4.966","2.483","13.770","8.578","8.352","1.580"
"1634","Th1140","Insulin","Isophane Or Nph Insulin (Neutral Protamine Hagedorn)","0.000","1.961","11.765","0.000","7.843","5.882","7.843","3.922","3.922","1.961","11.765","0.000","5.882","1.961","5.882","1.961","5.882","5.882","7.843","0.000"
"1635","Th1141","Epoetin Zeta","APPRLICDSRVLERYLLEAK<br>EAENITTGCAEHCSLNENIT<br>VPDTKVNFYAWKRMEVGQQA<br>VEVWQGLALLSEAVLRGQAL<br>LVNSSQPWEPLQLHVDKAVS<br>GLRSLTTLLRALGAQKEAIS<br>PPDAASAAPLRTITADTFRK<br>LFRVYSNFLRGKLKLYTGEA<br>CRTGDR<br>","11.446","2.410","3.614","7.229","2.410","5.422","1.205","3.012","4.819","13.855","0.602","3.614","4.819","4.217","7.831","6.024","6.627","6.627","1.807","2.410"
"1637","Th1143","Fibrinolysin Aka Plasmin","Fibrinolysin heavy chain: <br>DLLDDYVNTQGASLLS<br>LSRKNLAGRSVEDCAAKCEE<br>ETDFVCRAFQYHSKEQQCVV<br>MAENSKNTPVFRMRDVILYE<br>KRIYLLECKTGNGQTYRGTT<br>AETKSGVTCQKWSATSPHVP<br>KFSPEKFPLAGLEENYCRNP<br>DNDENGPWCYTTDPDKRYDY<br>CDIPECEDKCMHCSGENYEG<br>KIAKTMSGRDCQAWDSQSPH<br>AHGYIPSKFPNKNLKMNYCR<br>NPDGEPRPWCFTTDPQKRWE<br>FCDIPRCTTPPPSSGPKYQC<br>LKGTGKNYGGTVAVTESGHT<br>CQRWSEQTPHKHNRTPENFP<br>CKNLEENYCRNPNGEKAPWC<br>YTTNSEVRWEYCTIPSCESS<br>PLSTERMDVPVPPEQTPVPQ<br>DCYHGNGQSYRGTSSTTITG<br>RKCQSWSSMTPHRHLKTPEN<br>YPNAGLTMNYCRNPDADKSP<br>WCYTTDPRVRWEFCNLKKCS<br>ETPEQVPAAPQAPGVENPPE<br>ADCMIGTGKSYRGKKATTVA<br>GVPCQEWAAQEPHQHSIFTP<br>ETNPQSGLERNYCRNPDGDV<br>NGPWCYTMNPRKPFDYCDVP<br>QCESSFDCGKPKVEPKKCSGR<br> Fibrinolysin light chain IVGGCVSKPHS<br>WPWQVSLRRSSRHFCGGTLI<br>SPKWVLTAAHCLDNILALSF<br>YKVILGAHNEKVREQSVQEI<br>PVSRLFREPSQADIALLKLS<br>RPAIITKEVIPACLPPPNYM<br>VAARTECYITGWGETQGTFG<br>EGLLKEAHLPVIENKVCNRN<br>EYLDGRVKPTELCAGHLIGG<br>TDSCQGDSGGPLVCFEKDKY<br>ILQGVTSWGLGCARPNKPGV<br>YVRVSPYVPWIEETMRRN<br>","4.707","6.107","4.453","7.252","2.290","7.125","2.417","3.053","6.234","5.089","1.527","5.344","9.288","3.817","5.598","6.743","6.997","5.344","2.417","4.198"
"1640","Th1145","Romiplostim","Thrombopoietin receptor binding<br> domain amino acid: IEGPTLRQWLAARA","0.000","4.833","2.230","4.089","6.320","2.602","9.294","2.602","2.230","7.435","8.178","1.115","4.089","8.922","4.089","3.717","7.435","6.691","8.550","2.230"
"1641","Th1146","Lucinactant","KLLLLKLLLLKLLLLKLLLLK<br>","0.000","0.000","0.000","0.000","0.000","0.000","0.000","0.000","22.727","72.727","0.000","0.000","0.000","0.000","0.000","0.000","0.000","0.000","0.000","4.545"
"1654","Th1150","Secukinumab","Secukinumab Heavy Chain:<br>EVQLVESGGGLVQPGG<br>SLRLSCAASGFTFSNYWMNW<br>VRQAPGKGLEWVAAINQDGS<br>EKYYVGSVKGRFISRDNAKN<br>SLYLQMNSLRVEDTAVYYCV<br>RDYYDILTDYYIHYWYFDLW<br>GRGTLVTVSSASTKGPSVFP<br>LAPSSKSTSGGTAALGCLVK<br>DYFPEPVTVSWNSGALTSGV<br>HTFPAVLQSSGLYSLSSVVT<br>VPSSSLGTQTYICNVNHKPS<br>NTKVDKRVEPKSCDKTHTCP<br>PCPAPELLGGPSVFLFPPKP<br>KDTLMISRTPEVTCVVVDVS<br>HEDPEVKFNWYVDGVEVHNA<br>KTKPREEQYNSTYRVVSVLT<br>VLHQDWLNGKEYKCKVSNKA<br>LPAPIEKTISKAKGQPREPQ<br>VYTLPPSREEMTKNQVSLTC<br>LVKGFYPSDIAVEWESNGQP<br>ENNYKTTPPVLDSDGSFFLY<br>SKLTVDKSRWQQGNVFSCSV<br>MHEALHNHYTQKSLSLSPGK","0.000","5.060","2.530","4.018","5.208","3.274","6.845","1.786","2.232","6.101","8.036","0.744","3.869","6.696","4.464","3.571","12.500","7.143","8.929","1.786"
"1655","Th1151","Somatotropin Recombinant","FPTIPLSRLFDNAMLRAHRL<br>HQLAFDTYQEFEEAYIPKEQ<br>KYSFLQNPQTSLCFSESIPT<br>PSNREETQQKSNLELLRISL<br>LLIQSWLEPVQFLRSVFANS<br>LVYGASDSNVYDLLKDLEEG<br>IQTLMGRLEDGSPRTGQIFK<br>QTYSKFDTNSHNDDALLKNY<br>GLLYCFRKDMDKVETFLRIV<br>QCRSVEGSCGF<br>","0.000","3.665","2.094","5.759","7.330","6.806","4.188","1.571","4.188","4.712","13.613","1.571","4.712","4.188","6.806","5.759","9.424","4.712","3.665","0.524"
"1659","Th1152","Drotrecogin alfa","Heavy Chain: LIDGKMT<br>RRGDSPWQVVLLDSKKKLAC<br>GAVLIHPSWVLTAAHCMDES<br>KKLLVRLGEYDLRRWEKWEL<br>DLDIKEVFVHPNYSKSTTDD<br>IALLHLAQPATLSQTIVPIC<br>LPDSGLAERELNQAGQETLV<br>TGWGYHSSREKEAKRNRTFV<br>LNFIKIPVVPHNECSEVMSN<br>MVSENMLAGILGDRQDACEG<br>DSGGPMVASFHGTWFLVGLV<br>SWGEGCGLLHNYGVYTKVSR<br>YLDWIHGHIRDKEAPQKSWAP<br> Light Chain: SKHV<br>DGDQCLVLPLEHPCASL<br>CCGHGTCIXGIGSFSCDCRS<br>GWEGRFCQREVSFLNCSLDN<br>GGCTHYCLEEVGWRRCSCAP<br>GYKLGDDLLQCHPAVKFPCG<br>RPWKRMEKKRSHL<br>","4.959","5.785","5.785","6.061","2.479","9.091","4.408","3.581","5.785","10.744","1.928","2.755","4.683","2.755","5.510","7.438","3.581","6.612","3.306","2.775"
"1661","Th1153","Alefacept","Heavy Chain: CFSQQIY<br>GVVYGNVTFHVPSNVPLKEV<br>LWKKQKDKVAELENSEFRAF<br>SSFKNRVYLDTVSGSLTIYN<br>LTSSDEDEYEMESPNITDTM<br>KFFLYVLESLPSPTLTCALT<br>NGSIEVQCMIPEHYNSHRGL<br>IMYSWDCPMEQCKRNSTSIY<br>FKMENDLPQKIQCTLSNPLF<br>NTTSSIILTTCIPSSGHSRH<br>RYALIPIPLAVITTCIVLYM<br>NGILKCDRKPDRTNSNRVEP<br>KSCDKTHTCPPCPAPELLGG<br>PSVFLFPPKPKDTLMISRTP<br>EVTCVVVDVSHEDPQVKFNW<br>YVDGVQVHNAKTKPREQQYN<br>STYRVVSVLTVLHQNWLDGK<br>EYKCKVSNKALPAPIEKTIS<br>KAKGQPREPQVYTLPPSREE<br>MTKNQVSLTCLVKGFYPSDI<br>AVEWESNGQPENNYKTTPPV<br>LDSDGSFFLYSKLTVDKSRW<br>QQGNVFSCSVMHEALHNHYT<br>KSLSLSPGK<br>Light Chain: MVAGSDAGRALGV<br>LSVVCLLHCFGFISCFSQQI<br>YGVVYGNVTFHVPSNVPLKE<br>VLWKKQKDKVAELENSEFRA<br>FSSFKNRVYLDTVSGLTIYN<br>LTSSDEDEYEMESPNITDTM<br>KFFLYVLESLPSPTLTCALT<br>NGSIEVQCMIPEHYNSHRGL<br>IMYSWDCPMEQCKRNSTSIY<br>FKMENDLPQKIQCTLSNPLF<br>NTTSSIILTTCIPSSGHSRH<br>RYALIPIPLAVITTCIVLYM<br>NGILKCDRKPDRTNSN<br>","0.000","2.833","3.824","4.108","5.666","3.824","3.966","2.550","5.241","6.374","8.640","2.550","5.807","6.941","3.541","3.399","10.057","7.365","7.649","1.133"
"1662","Th1154","OspA lipoprotein","MKKYLLGIGLILALIACKQN<br>VSSLDEKNSVSVDVPGGMKV<br>LVSKEKNKDGKYDLMATVDN<br>VDLKGTSDKNNGSGILEGVK<br>ADKSKVKLTVADDLSKTTLE<br>VLKEDGTVVSRKVTSKDKST<br>TEAKFNEKGELSEKTMTRAN<br>GTTLEYSQMTNEDNAAKAVE<br>TLKNGIKFEGNLASGKTAVE<br>IKEGTVTLKREIDKNGKVTV<br>SLNDTASGSKKTASWQESTS<br>TLTISANSKKTKDLVFLTNG<br>TITVQNYDSAGTKLEGSAAE<br>IKKLDELKNALR<br>","6.960","0.366","6.593","7.326","1.099","7.692","0.000","3.663","14.652","9.890","1.832","6.593","0.366","1.465","1.465","9.158","10.623","8.059","0.366","1.832"
"1663","Th1155","Urokinase","KPSSPPEELKFQCGQKTLRP<br>RFKIIGGEFTTIENQPWFAA<br>IYRRHRGGSVTYVCGGSLMS<br>PCWVISATHCFIDYPKKEDY<br>IVYLGRSRLNSNTQGEMKFE<br>VENLILHKDYSADTLAHHND<br>IALLKIRSKEGRCAQPSRTI<br>QTICLPSMYNDPQFGTSCEI<br>TGFGKENSTDYLYPEQLKMT<br>VVKLISHRECQQPHYYGSEV<br>TTKMLCAADPQWKTDSCQGD<br>SGGPLVCSLQGRMTLTGIVS<br>WGRGCALKDKPGVYTRVSHF<br>LPWIRSHTKEENGLAL<br>","3.971","4.332","3.971","5.776","3.249","8.303","3.249","5.776","6.498","7.942","2.166","2.888","5.776","4.693","5.415","7.942","7.220","4.332","1.805","4.693"
"1666","Th1157","Sermorelin","YADAIFTNSYRKVLGQLSAR<br>KLLQDIMSRQ<br>","9.677","0.000","6.452","0.000","3.226","3.226","0.000","6.452","6.452","12.903","3.226","3.226","0.000","9.677","9.677","9.677","3.226","3.226","0.000","9.667"
"1667","Th1158","Aprotinin","RPDFCLEPPYTGPCKARIIR<br>YFYNAKAGLCQTFVYGGCRA<br>KRNNFKSAEDCMRTCGGA<br>","10.169","10.169","3.390","3.390","6.780","10.169","0.000","3.390","6.780","3.390","1.695","5.085","6.780","1.695","10.169","1.695","5.085","1.695","0.000","8.475"
"1671","Th1159","Gemtuzumab ozogamicin","Light Chain 1: QIVLT<br>QSPAIMSASPGEKVTITCSA<br>SSSISYMHWFQQKPGTSPKL<br>WIYTTSNLASGVPARFSGSG<br>SGTSYSLTISRMEAEDAATY<br>YCHQRSTYPLTFGSGTKLELK<br> Light Chain 2:<br> DIQMTQSPSTLSASVGDRV<br>TITCRASQSINTWLAWYQQK<br>PGKAPKLLMYKASSLESGVP<br>SRFIGSGSGTEFTLTISSLQ<br>PDDFATYYCQQYNSDSKMFG<br>QGTKVEVK<br> Heavy Chain 1:<br>QVQLQQSGAELA<br>KPGASVKMSCKASGYTFTSY<br>RMHWVKQRPGQGLEWIGYIN<br>PSTGYTEYNQKFKDKATLTA<br>DKSSSTAYMQLSSLTFEDSA<br>VYYCARGGGVFDYWGQGTTLTVSS<br>Heavy Chain 2:QVQLVQSGAEVKKPGS<br>SVKVSCKASGGTFSRSAIIW<br>VRQAPGQGLEWMGGIVPMFG<br>PPNYAQKFQGRVTITADEST<br>NTAYMELSSLRSEDTAFYFC<br>AGGYGIYSPEEYNGGLVTVSS<br>","7.159","1.790","2.685","4.027","3.579","9.620","0.671","4.027","5.593","5.817","2.685","1.790","4.474","6.711","2.908","14.094","8.949","5.369","2.013","6.040"
"1673","Th1160","Satumomab Pendetide","Heavy Chain 1: QVQLQ<br>QSDAELVKPGASVKISCKAS<br>GYTFTDHAIHWAKQKPEQGL<br>EWIGYISPGNDDIKYNEKFK<br>GKATLTADKSSSTAYMQLNS<br>LTSEDSAVYFCKRSYYGHWG<br>QGTTLTVSSASTKGPSVFPL<br>APCSRSTSESTAALGCLVKD<br>YFPEPVTVSWNSGALTSGVH<br>TFPAVLQSSGLYSLSSVVTV<br>PSSSLGTKTYTCNVDHKPSN<br>TKVDKRVCPPCKCPAPNLLG<br>GPSVFIFPPKIKDVLMISLS<br>PIVTCVVVDVSEDDPDVQIS<br>WFVNNVEVHTAQTQTHREDY<br>NSTLRVVSALPIQHQDWMSG<br>KEFKCKVNNKDLPAPIERTI<br>SKPKGSVRAPQVYVLPPPEE<br>EMTKKQVTLTCMVTDFMPED<br>IYVEWTNNGKTELNYKNTEP<br>VLDSDGSYFMYSKLRVEKKN<br>WVERNSYSCSVVHEGLHNHH<br>TTKSFSR<br> Light chain 1: DIQMTQSPASLSV<br>SVGETVTITCRASENIYSNL<br>AWYQQKQGKSPQLLVYAATN<br>LADGVPSRFSGSGSGTQYSL<br>KINSLQSEDFGSYYCQHFWG<br>TPYTFGGGTRLEIKRADAAP<br>TVFIFPPSDEQLKSGTASVV<br>CLLNNFYPREAKVQWKVDNA<br>LQSGNSQESVTEQDSKDSTY<br>SLSSTLTLSKADYEKHKVYA<br>CEVTHQGLSSPVTKSFN<br>Heavy chain 2: QVQ<br>LQQSDAELVKPGASVKISCK<br>ASGYTFTDHAIHWAKQKPEQ<br>GLEWIGYISPGNDDIKYNEK<br>FKGKATLTADKSSSTAYMQL<br>NSLTSEDSAVYFCKRSYYGH<br>WGQGTTLTVSSASTKGPSVF<br>PLAPCSRSTSESTAALGCLV<br>KDYFPEPVTVSWNSGALTSG<br>VHTFPAVLQSSGLYSLSSVV<br>TVPSSSLGTKTYTCNVDHKP<br>SNTKVDKRVCPPCKCPAPNL<br>LGGPSVFIFPPKIKDVLMIS<br>LSPIVTCVVVDVSEDDPDVQ<br>ISWFVNNVEVHTAQTQTHRE<br>DYNSTLRVVSALPIQHQDWM<br>SGKEFKCKVNNKDLPAPIER<br>TISKPKGSVRAPQVYVLPPP<br>EEEMTKKQVTLTCMVTDFMP<br>EDIYVEWTNNGKTELNYKNT<br>EPVLDSDGSYFMYSKLRVEK<br>KNWVERNSYSCSVVHEGLHN<br>HHTTKSFSR<br> Light Chain 2: DIQMTQSPASLS<br>VSVGETVTITCRASENIYSN<br>LAWYQQKQGKSPQLLVYAAT<br>NLADGVPSRFSGSGSGTQYS<br>LKINSLQSEDFGSYYCQHFW<br>GTPYTFGGGTRLEIKRADAA<br>PTVFIFPPSDEQLKSGTASV<br>VCLLNNFYPREAKVQWKVDN<br>ALQSGNSQESVTEQDSKDST<br>YSLSSTLTLSKADYEKHKVY<br>ACEVTHQGLSSPVTKSFN<br>","0.000","5.292","2.490","4.669","4.981","3.268","5.603","2.335","3.113","7.160","6.848","1.245","4.358","6.070","4.825","2.335","12.451","8.093","8.716","1.172"
