"id","thppid","pepnam","pepseq","A","C","D","E","F","G","H","I","K","L","M","N","P","Q","R","S","T","V","W","Y"
"1001","Th1001","Lepirudin","LVYTDCTESGQNLCLCEGSN<br>VCGQGNKCILGSDGEKNQCV<br>TGEGTPKPQSHNDGDFEEIP<br>EEYLQ<br>","0","6","4","8","1","9","1","2","3","5","0","5","3","5","0","4","4","3","0","2"
"1005","Th1002","Cetuximab","Heavy chain:QVQLKQSG<br>PGLVQPSQSLSITCTVSGFS<br>LTNYGVHWVRQSPGKGLEWL<br>GVIWSGGNTDYNTPFTSRLS<br>INKDNSKSQVFFKMNSLQSN<br>DTAIYYCARALTYYDYEFAY<br>WGQGTLVTVSAASTKGPSVF<br>PLAPSSKSTSGGTAALGCLV<br>KDYFPEPVTVSWNSGALTSG<br>VHTFPAVLQSSGLYSLSSVV<br>TVPSSSLGTQTYICNVNHKP<br>SNTKVDKRVEPKSPKSCDKT<br>HTCPPCPAPELLGGP<br>","12","7","7","5","8","21","4","5","14","20","1","11","19","11","4","35","22","21","5","11"
"1022","Th1003","Dornase alfa","LKIAAFNIQTFGETKMSNAT<br>LVSYIVQILSRYDIALVQEV<br>RDSHLTAVGKLLDNLNQDAP<br>DTYHYVVSEPLGRNSYKERY<br>LFVYRPDQVSAVDSYYYDDG<br>CEPCGNDTFNREPAIVRFFS<br>RFTEVREFAIVPLHAAPGDA<br>VAEIDALYDVYLDVQEKWGL<br>EDVMLMGDFNAGCSYVRPSQ<br>WSSIRLWTSPTFQWLIPDSA<br>DTTATPTHCAYDRIVVAGML<br>LRGAVVPDSALPFNFQAAYG<br>LSDQLAQAISDHYPV<br>","25","4","22","11","12","12","5","12","5","22","4","9","14","11","13","18","13","23","4","16"
"1025","Th1004","Denileukin diftitox","MGADDVVDSSKSFVMENFSS<br>YHGTKPGYVDSIQKGIQKPK<br>SGTQGNYDDDWKGFYSTDNK<br>YDAAGYSVDNENPLSGKAGG<br>VVKVTYPGLTKVLALKVDNA<br>ETIKKELGLSLTEPLMEQVG<br>TEEFIKRFGDGASRVVLSLP<br>FAEGSSSVEYINNWEQAKAL<br>SVELEINFETRGKRGQDAMY<br>EYMAQACAGNRVRRSVGSSL<br>SCINLDWDVIRDKTKTKIES<br>LKEHGPIKNKMSESPNKTVS<br>EEKAKQYLEEFHQTA<br>","16","2","16","22","8","22","3","10","25","16","6","13","8","9","8","25","13","19","3","11"
"1028","Th1005","Etanercept","LPAQVAFTPYAPEPGSTCRL<br>REYYDQTAQMCCSKCSPGQH<br>AKVFCTKTSDTVCDSCEDST<br>YTQLWNWVPECLSCGSRCSS<br>DQVETQACTREQNRICTCRP<br>GWYCALSKQEGCRLCAPLRK<br>CRPGFGVARPGTETSDVVCK<br>PCAPGTFSNTTSSTDICRPH<br>QICNVVAIPGNASMDAVCTS<br>TSPTRSMAPGAVHLPQPVST<br>RSQHTQPTPEPSTAPSTSFL<br>LPMGPSPPAEGSTGDEPKSC<br>DKTHTCPPCPAPELL<br>","18","25","10","12","5","14","5","4","8","12","4","5","31","13","13","27","28","13","3","5"
"1032","Th1006","Bivalirudin","FPRPGGGGNGDFEEIPEEYL<br>","0","0","1","4","2","5","0","1","0","1","0","1","3","0","1","0","0","0","0","1"
"1038","Th1007","Leuprolide","PHWSYLLR<br>","0","0","0","0","0","0","1","0","0","2","0","0","1","0","1","1","0","0","1","1"
"1049","Th1008","Peginterferon alfa-2a","CDLPQTHSLGSRRTLMLLAQ<br>MRRISLFSCLKDRHDFGFPQ<br>EEFGNQFQKAETIPVLHEMI<br>QQIFNLFSTKDSSAAWDETL<br>LDKFYTELYQQLNDLEACVI<br>QGVGVTETPLMKEDSILAVR<br>KYFQRITLYLKEKKYSPCAW<br>EVVRAEIMRSFSLSTNLQES<br>LRSKE<br>","8","4","8","14","10","5","3","8","10","21","5","4","5","12","10","14","10","7","2","5"
"1055","Th1009","Alteplase","SYQVICRDEKTQMIYQQHQS<br>WLRPVLRSNRVEYCWCNSGR<br>AQCHSVPVKSCSEPRCFNGG<br>TCQQALYFSDFVCQCPEGFA<br>GKCCEIDTRATCYEDQGISY<br>RGTWSTAESGAECTNWNSSA<br>LAQKPYSGRRPDAIRLGLGN<br>HNYCRNPDRDSKPWCYVFKA<br>GKYSSEFCSTPACSEGNSDC<br>YFGNGSAYRGTHSLTESGAS<br>CLPWNSMILIGKVYTAQNPS<br>AQALGLGKHNYCRNPDGDAK<br>PWCHVLKNRRLTWEY<br>","17","21","10","12","7","21","6","7","11","13","2","15","13","13","17","26","12","9","8","15"
"1059","Th1010","Interferon alfa-n1","CDLPQTHSLGSRRTLMLLAQ<br>MRKISLFSCLKDRHDFGFPQ<br>EEFGNQFQKAETIPVLHEMI<br>QQIFNLFSTKDSSAAWDETL<br>LDKFYTELYQQLNDLEACVI<br>QGVGVTETPLMKEDSILAVR<br>KYFQRITLYLKEKKYSPCAW<br>EVVRAEIMRSFSLSTNLQES<br>LRSKE<br>","8","4","8","14","10","5","3","8","11","21","5","4","5","12","9","14","10","7","2","5"
"1064","Th1011","Darbepoetin alfa","APPRLICDSRVLERYLLEAK<br>EAENITTGCAEHCSLNENIT<br>VPDTKVNFYAWKRMEVGQQA<br>VEVWQGLALLSEAVLRGQAL<br>LVNSSQPWEPLQLHVDKAVS<br>GLRSLTTLLRALGAQKEAIS<br>PPDAASAAPLRTITADTFRK<br>LFRVYSNFLRGKLKLYTGEA<br>CRTGDR<br>","19","4","6","12","4","9","2","5","8","23","1","6","8","7","13","10","11","11","3","4"
"1067","Th1012","Reteplase","SYQGNSDCYFGNGSAYRGTH<br>SLTESGASCLPWNSMILIGK<br>VYTAQNPSAQALGLGKHNYC<br>RNPDGDAKPWCHVLKNRRLT<br>WEYCDVPSCSTCGLRQYSQP<br>QFRIKGGLFADIASHPWQAA<br>IFAKHRRSPGERFLCGGILI<br>SSCWILSAAHCFQERFPPHH<br>LTVILGRTYRVVPGEEEQKF<br>EVEKYIVHKEFDDDTYDNDI<br>ALLQLKSDSSRCAQESSVVR<br>TVCLPPADLQLPDWTECELS<br>GYGKHEALSPFYSER<br>","17","13","13","15","10","19","10","11","11","22","1","8","15","12","15","24","10","11","6","12"
"1071","Th1013","Epoetin alfa","APPRLICDSRVLERYLLEAK<br>EAENITTGCAEHCSLNENIT<br>VPDTKVNFYAWKRMEVGQQA<br>VEVWQGLALLSEAVLRGQAL<br>LVNSSQPWEPLQLHVDKAVS<br>GLRSLTTLLRALGAQKEAIS<br>PPDAASAAPLRTITADTFRK<br>LFRVYSNFLRGKLKLYTGEA<br>CRTGDR<br>","19","4","6","12","4","9","2","5","8","23","1","6","8","7","13","10","11","11","3","4"
"1098","Th1014","Salmon Calcitonin","CSNLSTCVLGKLSQELHKLQ<br>TYPRTNTGSGTP<br>","0","2","0","1","0","3","1","0","2","5","0","2","2","2","1","4","5","1","0","1"
"1110","Th1015","Interferon alfa-n3","Alpha-2A:CDLPQTHSLG<br>SRRTLMLLAQMRKISLFSCL<br>KDRHDFGFPQEEFGNQFQKA<br>ETIPVLHEMIQQIFNLFSTK<br>DSSAAWDETLLDKFYTELYQ<br>QLNDLEACVIQGVGVTETPL<br>MKEDSILAVRKYFQRITLYL<br>KEKKYSPCAWEVVRAEIMRS<br>FSLSTNLQESLRSKE","0","10","6","11","18","17","8","6","12","14","30","8","6","8","19","14","19","14","8","2"
"1120","Th1017","Sargramostim","APARSPSPSTQPWEHVNAIQ<br>EALRLLNLSRDTAAEMNETV<br>EVISEMFDLQEPTCLQTRLE<br>LYKQGLRGSLTKLKGPLTMM<br>ASHYKQHCPPTPETSCATQI<br>ITFESFKENLKDFLLVIPFD<br>CWEPVQE<br>","8","4","4","13","5","3","3","5","6","15","4","4","11","8","5","9","11","5","2","2"
"1129","Th1018","Secretin","HSDGTFTSELSRLRDSARLQ<br>RLLQGLV<br>","1","0","2","1","1","2","1","0","0","6","0","0","0","2","4","4","2","1","0","0"
"1135","Th1019","Peginterferon alfa-2b","CDLPQTHSLGSRRTLMLLAQ<br>MRRISLFSCLKDRHDFGFPQ<br>EEFGNQFQKAETIPVLHEMI<br>QQIFNLFSTKDSSAAWDETL<br>LDKFYTELYQQLNDLEACVI<br>QGVGVTETPLMKEDSILAVR<br>KYFQRITLYLKEKKYSPCAW<br>EVVRAEIMRSFSLSTNLQES<br>LRSKE<br>","8","4","8","14","10","5","3","8","10","21","5","4","5","12","10","14","10","7","2","5"
"1142","Th1020","Asparaginase","QMSLQQELRYIEALSAIVET<br>GQKMLEAGESALDVVTEAVR<br>LLEECPLFNAGIGAVFTRDE<br>THELDACVMDGNTLKAGAVA<br>GVSHLRNPVLAARLVMEQSP<br>HVMMIGEGAENFAFARGMER<br>VSPEIFSTSLRYEQLLAARK<br>EGATVLDHSGAPLDEKQKMG<br>TVGAVALDLDGNLAAATSTG<br>GMTNKLPGRVGDSPLVGAGC<br>YANNASVAVSCTGTGEVFIR<br>ALAAYDIAALMDYGGLSLAE<br>ACERVVMEKLPTLGG<br>","36","5","11","22","6","27","4","7","7","29","11","8","8","7","12","14","14","22","0","5"
"1145","Th1021","Thyrotropin Alfa","Alpha chain:APDVQDC<br>PECTLQENPFFSQPGAPILQ<br>CMGCCFSRAYPTPLRSKKTM<br>LVQKNVTSESTCCVAKSYNR<br>VTVMGGFKVENHTACHCSTC<br>YYHKS","0","11","22","7","9","8","8","6","10","13","10","5","8","14","7","8","13","19","11","0"
"1148","Th1022","Antihemophilic Factor","ATRRYYLGAVELSWDYMQSD<br>LGELPVDARFPPRVPKSFPF<br>NTSVVYKKTLFVEFTDHLFN<br>IAKPRPPWMGLLGPTIQAEV<br>YDTVVITLKNMASHPVSLHA<br>VGVSYWKASEGAEYDDQTSQ<br>REKEDDKVFPGGSHTYVWQV<br>LKENGPMASDPLCLTYSYLS<br>HVDLVKDLNSGLIGALLVCR<br>EGSLAKEKTQTLHKFILLFA<br>VFDEGKSWHSETKNSLMQDR<br>DAASARAWPKMHTVNGYVNR<br>SLPGLIGCHRKSVYW<br>","17","3","15","13","10","16","9","6","17","26","6","8","15","7","11","21","14","22","7","12"
"1180","Th1023","Anakinra","MRPSGRKSSKMQAFRIWDVN<br>QKTFYLRNNQLVAGYLQGPN<br>VNLEEKIDVVPIEPHALFLG<br>IHGGKMCLSCVKSGDETRLQ<br>LEAVNITDLSENRKQDKRFA<br>FIRSDSGPTTSFESAACPGW<br>FLCTAMEADQPVSLTNMPDE<br>GVMVTKFYFQEDE<br>","9","4","9","11","9","10","2","6","9","12","6","8","8","8","8","11","8","10","2","3"
"1193","Th1025","Intravenous Immunoglobulin","IGG1:PSALTQPPSASGSLG<br>QSVTISCTGTSSDVGGYNYV<br>SWYQQHAGKAPKVIIYEVNK<br>RPSGVPDRFSGSKSGNTASL<br>TVSGLQAEDEADYYCSSYEG<br>SDNFVFGTGTKVTVLGQPKA<br>NPTVTLFPPSSEELQANKAT<br>EVCLISDFYPGAVTVAWKAD<br>GSPVKAGVETTKPSKQSNNK<br>YAASSYLSLTPEQWKSHRSY<br>SCQVTHEGSTVEKTVAPTEC<br>SPLVLQESGPGLVKPSEALS<br>LTCTVSGDSINTILY<br>","18","6","8","14","5","21","3","6","15","16","0","9","18","11","3","37","23","22","3","12"
"1201","Th1026","Anistreplase","SYQVICRDEKTQMIYQQHQS<br>WLRPVLRSNRVEYCWCNSGR<br>AQCHSVPVKSCSEPRCFNGG<br>TCQQALYFSDFVCQCPEGFA<br>GKCCEIDTRATCYEDQGISY<br>RGTWSTAESGAECTNWNSSA<br>LAQKPYSGRRPDAIRLGLGN<br>HNYCRNPDRDSKPWCYVFKA<br>GKYSSEFCSTPACSEGNSDC<br>YFGNGSAYRGTHSLTESGAS<br>CLPWNSMILIGKVYTAQNPS<br>AQALGLGKHNYCRNPDGDAK<br>PWCHVLKNRRLTWEY<br>","17","21","10","12","7","21","6","7","11","13","2","15","13","13","17","26","12","9","8","15"
"1205","Th1027","Insulin Regular","A-chain:GIVEQCCTSIC<br>SLYQLENYCN","0","1","6","0","4","3","4","2","2","1","6","0","3","1","3","1","3","3","4","0"
"1210","Th1028","Tenecteplase","SYQVICRDEKTQMIYQQHQS<br>WLRPVLRSNRVEYCWCNSGR<br>AQCHSVPVKSCSEPRCFNGG<br>TCQQALYFSDFVCQCPEGFA<br>GKCCEIDTRATCYEDQGISY<br>RGNWSTAESGAECTQWNSSA<br>LAQKPYSGRRPDAIRLGLGN<br>HNYCRNPDRDSKPWCYVFKA<br>GKYSSEFCSTPACSEGNSDC<br>YFGNGSAYRGTHSLTESGAS<br>CLPWNSMILIGKVYTAQNPS<br>AQALGLGKHNYCRNPDGDAK<br>PWCHVLKNRRLTWEY<br>","17","21","10","12","7","21","6","7","11","13","2","15","13","14","17","26","11","9","8","15"
"1215","Th1029","Menotropins","Alpha-Chain(LH):APD<br>VQDCPECTLQENPFFSQPGA<br>PILQCMGCCFSRAYPTPLRS<br>KKTMLVQKNVTSESTCCVAK<br>SYNRVTVMGGFKVENHTACH<br>CSTCYYHKS","0","0","10","22","7","8","7","12","6","6","8","16","5","6","23","8","13","15","15","19"
"1226","Th1030","Interferon gamma-1b","CYCQDPYVKEAENLKKYFNA<br>GHSDVADNGTLFLGILKNWK<br>EESDRKIMQSQIVSFYFKLF<br>KNFKDDQSIQKSVETIKEDM<br>NVKFFNSNKKKRDDFEKLTN<br>YSVTDLNVQRKAIHELIQVM<br>AELSPAAKTGKRKRSQMLFR<br>GRRASQ<br>","8","2","10","9","10","5","2","7","20","10","4","10","2","9","8","11","5","8","1","5"
"1229","Th1031","Interferon Alfa-2a","Recombinant","0","8","4","8","14","10","5","3","8","11","21","5","4","5","12","9","14","10","7","2"
"1234","Th1032","Coagulation factor VIIa","ANAFLEELRPGSLERECKEE<br>QCSFEEAREIFKDAERTKLF<br>WISYSDGDQCASSPCQNGGS<br>CKDQLQSYICFCLPAFEGRN<br>CETHKDDQLICVNENGGCEQ<br>YCSDHTGTKRSCRCHEGYSL<br>LADGVSCTPTVEYPCGKIPI<br>LEKRNASKPQGRIVGGKVCP<br>KGECPWQVLLLVNGAQLCGG<br>TLINTIWVVSAAHCFDKIKN<br>WRNLIAVLGEHDLSEHDGDE<br>QSRRVAQVIIPSTYVPGTTN<br>HDIALLRLHQPVVLT<br>","14","19","13","21","7","21","8","14","13","22","0","11","12","13","13","17","12","15","4","6"
"1242","Th1033","Oprelvekin","GPPPGPPRVSPDPRAELDST<br>VLLTRSLLADTRQLAAQLRD<br>KFPADGDHNLDSLPTLAMSA<br>GALGALQLPGVLTRLRADLL<br>SYLRHVQWLRRAGGSSLKTL<br>EPELGTLQARLDRLLRRLQL<br>LMSRLALPQPPPDPPAPPLA<br>PPSSAWGGIRAAHAILGGLH<br>LTLDWAVRGLLLLKTRL<br>","20","0","11","3","1","14","4","2","3","41","2","1","21","7","18","11","9","5","3","1"
"1246","Th1034","Palifermin","SYDYMEGGDIRVRRLFCRTQ<br>WYLRIDKRGKVKGTQEMKNN<br>YNIMEIRTVAVGIVAIKGVE<br>SEFYLAMNKEGKLYAKKECN<br>EDCNFKELILENHYNTYASA<br>KWTHNGGEMFVALNQKGIPV<br>RGKKTKKEQKTAHFLPMAIT<br>","9","3","4","12","5","11","3","9","17","8","6","10","2","4","8","3","8","8","2","8"
"1252","Th1035","Glucagon recombinant","HSQGTFTSDYSKYLDSRRAQ<br>DFVQWLMNT<br>","1","0","3","0","2","1","1","0","1","2","1","1","0","3","2","4","3","1","1","2"
"1257","Th1036","Aldesleukin","MAPTSSSTKKTQLQLEHLLL<br>DLQMILNGINNYKNPKLTRM<br>LTFKFYMPKKATELKHLQCL<br>EEELKPLEEVLNLAQSKNFH<br>LRPRDLISNINVIVLELKGS<br>ETTFMCEYADETATIVEFLN<br>RWITFCQSIISTLT<br>","5","3","3","12","6","2","3","9","11","22","5","9","5","6","4","8","13","4","1","3"
"1260","Th1037","Botulinum Toxin Type B","MPVTINNFNYNDPIDNNNII<br>MMEPPFARGTGRYYKAFKIT<br>DRIWIIPERYTFGYKPEDFN<br>KSSGIFNRDVCEYYDPDYLN<br>TNDKKNIFLQTMIKLFNRIK<br>SKPLGEKLLEMIINGIPYLG<br>DRRVPLEEFNTNIASVTVNK<br>LISNPGEVERKKGIFANLII<br>FGPGPVLNENETIDIGIQNH<br>FASREGFGGIMQMKFCPEYV<br>SVFNNVQENKGASIFNRRGY<br>FSDPALILMHELIHVLHGLY<br>GIKVDDLPIVPNEKK<br>","7","2","13","17","17","19","4","29","18","17","8","27","17","4","12","9","9","13","1","12"
"1265","Th1038","Omalizumab","Heavy chain:EVQLVESG<br>GGLVQPGGSLRLSCAVSGYS<br>ITSGYSWNWIRQAPGKGLEW<br>VASITYDGSTNYADSVKGRF<br>TISRDDSKNTFYLQMNSLRA<br>EDTAVYYCARGSHYFGHWHF<br>AVWGQGTLVTVSSGPSVFPL<br>APSSKSTSGGTAALGCLVKD<br>YFPEPVTVSWNSGALTSGVH<br>TFPAVLQSSGLYSLSSVVTV<br>PSSSLGTQTYICNVNHKPSN<br>TKVDKKAEPKSCDKTHTCPP<br>CPAPELLGGPSVFLF<br>","15","7","8","7","9","25","6","5","11","19","1","8","16","7","6","35","19","22","6","11"
"1269","Th1039","Lutropin alfa","Alpha Chain: APDVQDC<br>PECTLQENPFFSQPGAPILQ<br>CMGCCFSRAYPTPLRSKKTM<br>LVQKNVTSESTCCVAKSYNR<br>VTVMGGFKVENHTACHCSTC<br>YYHKS","0","10","22","7","8","7","12","6","6","8","16","5","6","23","8","13","15","15","19","1"
"1275","Th1040","Insulin Lispro","A chain:GIVEQCCTSICS<br>LYQLENYCN","0","1","6","0","4","3","4","2","2","1","6","0","3","1","3","1","3","3","4","0"
"1283","Th1041","Insulin Glargine","A-chain:GIVEQCCTSICS<br>LYQLENYCG","0","1","6","0","4","3","5","2","2","1","6","0","2","1","3","3","3","3","4","0"
"1288","Th1042","Collagenase","MKRKCLSKRLMLAITMATIF<br>TVNSTLPIYAAVDKNNATAA<br>VQNESKRYTVSYLKTLNYYD<br>LVDLLVKTEIENLPDLFQYS<br>SDAKEFYGNKTRMSFIMDEI<br>GRRAPQYTEIDHKGIPTLVE<br>VVRAGFYLGFHNKELNEINK<br>RSFKERVIPSILAIQKNPNF<br>KLGTEVQDKIVSATGLLAGN<br>ETAPPEVVNNFTPILQDCIK<br>NIDRYALDDLKSKALFNVLA<br>APTYDITEYLRATKEKPENT<br>PWYGKIDGFINELKK<br>","19","2","14","17","11","10","2","19","24","25","5","19","12","6","11","11","19","15","1","13"
"1305","Th1043","Rasburicase","SAVKAARYGKDNVRVYKVHK<br>DEKTGVQTVYEMTVCVLLEG<br>EIETSYTKADNSVIVATDSI<br>KNTIYITAKQNPVTPPELFG<br>SILGTHFIEKYNHIHAAHVN<br>IVCHRWTRMDIDGKPHPHSF<br>IRDSEEKRNVQVDVVEGKGI<br>DIKSSLSGLTVLKSTNSQFW<br>GFLRDEYTTLKETWDRILST<br>DVDATWQWKNFSGLQEVRSH<br>VPKFDATWATAREVTLKTFA<br>EDNSASVQATMYKMAEQILA<br>RQQLIETVEYSLPNK<br>","17","2","15","18","8","11","9","16","20","15","4","11","7","10","11","18","24","24","6","9"
"1316","Th1044","Adalimumab","Light-chain:DIQMTQS<br>PSSLSASVGDRVTITCRASQ<br>GIRNYLAWYQQKPGKAPKLL<br>IYAASTLQSGVPSRFSGSGS<br>GTDFTLTISSLQPEDVATYY<br>CQRYNRAPYTFGQGTKVEIK<br>RTVAAPSVFIFPPSDEQLKS<br>GTASVVCLLNNFYPREAKVQ<br>WKVDNALQSGNSQESVTEQD<br>SKDSTYSLSSTLTLSKADYE<br>KHKVYACEVTHQGLSSPVTK<br>SFNRGEC","0","15","5","9","11","7","17","2","7","13","17","1","7","12","17","10","31","18","18","2"
"1324","Th1045","Imiglucerase","ARPCIPKSFGYSSVVCVCNA<br>TYCDSFDPPTFPALGTFSRY<br>ESTRSGRRMELSMGPIQANH<br>TGTGLLLTLQPEQKFQKVKG<br>FGGAMTDAAALNILALSPPA<br>QNLLLKSYFSEEGIGYNIIR<br>VPMASCDFSIRTYTYADTPD<br>DFQLHNFSLPEEDTKLKIPL<br>IHRALQLAQRPVSLLASPWT<br>SPTWLKTNGAVNGKGSLKGQ<br>PGDIYHQTWARYFVKFLDAY<br>AEHKLQFWAVTAENEPSAGL<br>LSGYPFQCLGFTPEH<br>","22","6","10","11","15","19","6","10","12","27","4","9","20","12","10","20","18","9","4","11"
"1327","Th1046","Abciximab","H ReoPro-like<br>antibody Heavy Chain 1:EVQ<br>LQQSGAELVKPGASVKLSCT<br>ASGFNIKDTYVHWVKQRPEQ<br>GLEWIGRIDPANGYTKYDPK<br>FQGKATITADTSSNTAYLQL<br>SSLTSEDTAVYYCVRPLYDY<br>YAMDYWGQGTSVTVSSAKTT<br>APSVYPLAPVCGDTTGSSVT<br>LGCLVKGYFPEPVTLTWNSG<br>SLSSGVHTFPAVLQSDLYTL<br>SSSVTVTSSTWPSQSITCNV<br>AHPASSTKVDKKIEP<br>","15","5","10","7","4","15","3","6","12","16","1","5","14","10","3","29","25","20","5","13"
"1331","Th1047","Alpha-1-proteinase inhibitor","EDPQGDAAQKTDTSHHDQDH<br>PTFNKITPNLAEFAFSLYRQ<br>LAHQSNSTNIFFSPVSIATA<br>FAMLSLGTKADTHDEILEGL<br>NFNLTEIPEAQIHEGFQELL<br>RTLNQPDSQLQLTTGNGLFL<br>SEGLKLVDKFLEDVKKLYHS<br>EAFTVNFGDTEEAKKQINDY<br>VEKGTQGKIVDLVKELDRDT<br>VFALVNYIFFKGKWERPFEV<br>KDTEEEDFHVDQVTTVKVPM<br>MKRLGMFNIQHCKKLSSWVL<br>LMKYLGNATAIFFLP<br>","15","1","18","20","20","13","9","11","20","28","5","13","9","14","5","12","20","15","2","5"
"1337","Th1048","Pegaspargase","MEFFKKTALAALVMGFSGAA<br>LALPNITILATGGTIAGGGD<br>SATKSNYTVGKVGVENLVNA<br>VPQLKDIANVKGEQVVNIGS<br>QDMNDNVWLTLAKKINTDCD<br>KTDGFVITHGTDTMEETAYF<br>LDLTVKCDKPVVMVGAMRPS<br>TSMSADGPFNLYNAVVTAAD<br>KASANRGVLVVMNDTVLDGR<br>DVTKTNTTDVATFKSVNYGP<br>LGYIHNGKIDYQRTPARKHT<br>SDTPFDVSKLNELPKVGIVY<br>NYANASDLPAKALVD<br>","26","2","21","6","8","21","3","10","19","19","8","19","10","4","5","12","25","28","1","8"
"1341","Th1049","Interferon beta-1a","MSYNLLGFLQRSSNFQCQKL<br>LWQLNGRLEYCLKDRMNFDI<br>PEEIKQLQQFQKEDAALTIY<br>EMLQNIFAIFRQDSSSTGWN<br>ETIVENLLANVYHQINHLKT<br>VLEEKLEKEDFTRGKLMSSL<br>HLKRYYGRILHYLKAKEYSH<br>CAWTIVRVEILRNFYFINRL<br>TGYLRN<br>","6","3","5","13","9","6","5","11","11","24","4","12","1","11","11","9","7","5","3","10"
"1358","Th1050","Pegademase bovine","MAQTPAFNKPKVELHVHLDG<br>AIKPETILYYGRKRGIALPA<br>DTPEELQNIIGMDKPLSLPE<br>FLAKFDYYMPAIAGCREAVK<br>RIAYEFVEMKAKDGVVYVEV<br>RYSPHLLANSKVEPIPWNQA<br>EGDLTPDEVVSLVNQGLQEG<br>ERDFGVKVRSILCCMRHQPS<br>WSSEVVELCKKYREQTVVAI<br>DLAGDETIEGSSLFPGHVKA<br>YAEAVKSGVHRTVHAGEVGS<br>ANVVKEAVDTLKTERLGHGY<br>HTLEDATLYNRLRQE<br>","22","4","12","25","6","18","9","11","17","22","5","7","14","8","13","12","11","26","2","11"
"1361","Th1051","Human Serum Albumin","MKWVTFISLLFLFSSAYSRG<br>VFRRDAHKSEVAHRFKDLGE<br>ENFKALVLIAFAQYLQQCPF<br>EDHVKLVNEVTEFAKTCVAD<br>ESAENCDKSLHTLFGDKLCT<br>VATLRETYGEMADCCAKQEP<br>ERNECFLQHKDDNPNLPRLV<br>RPEVDVMCTAFHDNEETFLK<br>KYLYEIARRHPYFYAPELLF<br>FAKRYKAAFTECCQAADKAA<br>CLLPKLDELRDEGKASSAKQ<br>RLKCASLQKFGERAFKAWAV<br>ARLSQRFPKAEFAEVSKLVT<br>DLTKVHTECCHGDLLECADD<br>RADLAKYICENQDSISSKLK<br>ECCEKPLLEKSHCIAEVEND<br>EMPADLPSLAADFVESKDVC<br>KNYAEAKDVFLGMFLYEYAR<br>RHPDYSVVLLLRLAKTYETT<br>LEKCCAAADPHECYAKVFDE<br>FKPLVEEPQNLIKQNCELFE<br>QLGEYKFQNALLVRYTKKVP<br>QVSTPTLVEVSRNLGKVGSK<br>CCKHPEAKRMPCAEDYLSVV<br>LNQLCVLHEKTPVSDRVTKC<br>CTESLVNRRPCFSALEVDET<br>YVPKEFNAETFTFHADICTL<br>SEKERQIKKQTALVELVKHK<br>PKATKEQLKAVMDDFAAFVE<br>KCCKADDKETCFAEEGKKLV<br>AASQAALGL<br>","31","12","14","24","21","6","7","3","22","26","3","7","9","9","16","11","10","14","2","8"
"1365","Th1053","Serum albumin iodonated","MKWVTFISLLFLFSSAYSRG<br>VFRRDAHKSEVAHRFKDLGE<br>ENFKALVLIAFAQYLQQCPF<br>EDHVKLVNEVTEFAKTCVAD<br>ESAENCDKSLHTLFGDKLCT<br>VATLRETYGEMADCCAKQEP<br>ERNECFLQHKDDNPNLPRLV<br>RPEVDVMCTAFHDNEETFLK<br>KYLYEIARRHPYFYAPELLF<br>FAKRYKAAFTECCQAADKAA<br>CLLPKLDELRDEGKASSAKQ<br>GLKCASLQKFGERAFKAWAV<br>ARLSQRFPKAEFAEVSKLVT<br>DLTKVHTECCHGDLLECADD<br>RADLAKYICENQDSISSKLK<br>ECCEKPLLEKSHCIAEVEND<br>EMPADLPSLAADFVGSKDVC<br>KNYAEAKDVFLGMFLYEYAR<br>RHPDYSVVLLLRLAKTYETT<br>LEKCCAAADPHECYAKVFDE<br>FKPLVEEPQNLIKQNCELFE<br>QLGEYKFQNALLVRYTKKVP<br>QVSTPTLVEVSRNLGKVGSK<br>CCKHPEAKRMPCAEDCLSVF<br>LNQLCVLHEKTPVSDRVTKC<br>CTESLVNGRPCFSALEVDET<br>YVPKEFNAETFTFHADICTL<br>SEKERQIKKQTALVELVKHK<br>PKATKEQLKAVMDDFAAFVE<br>KCCKADDKETCFAEEGKKLV<br>","31","12","14","24","21","7","7","3","22","26","3","7","9","9","15","11","10","14","2","8"
"1372","Th1055","Follitropin beta","A Chain: APDVQDCPECT<br>LQENPFFSQPGAPILQCMGC<br>CFSRAYPTPLRSKKTMLVQK<br>NVTSESTCCVAKSYNRVTVM<br>GGFKVENHTACHCSTCYYHKS<br>B chain: NSCELTNI<br>TIAIEKEECRFCISINTTWC<br>AGYCYTRDLVYKDPARPKIQ<br>KTCTFKELVYETVRVPGCAH<br>HADSLYTYPVATQCHCGKCD<br>SDSTDCTVRGLGPSYCSFGEMKE<br>","11","22","8","12","7","10","6","7","13","9","4","7","12","7","8","15","20","13","1","11"
"1375","Th1056","Vasopressin","CYFQNCPRG<br>","0","2","0","0","1","1","0","0","0","0","0","1","1","1","1","0","0","0","0","1"
"1376","Th1057","Interferon beta-1b","MSYNLLGFLQRSSNFQSQKL<br>LWQLNGRLEYCLKDRMNFDI<br>PEEIKQLQQFQKEDAALTIY<br>EMLQNIFAIFRQDSSSTGWN<br>ETIVENLLANVYHQINHLKT<br>VLEEKLEKEDFTRGKLMSSL<br>HLKRYYGRILHYLKAKEYSH<br>CAWTIVRVEILRNFYFINRL<br>TGYLRN<br>","6","2","5","13","9","6","5","11","11","24","4","12","1","11","11","10","7","5","3","10"
"1379","Th1058","Interferon alfacon-1","CDLPQTHSLGSRRTLMLLAQ<br>MRRISLFSCLKDRHDFGFPQ<br>EEFGNQFQKAETIPVLHEMI<br>QQIFNLFSTKDSSAAWDETL<br>LDKFYTELYQQLNDLEACVI<br>QGVGVTETPLMNEDSILAVR<br>KYFQRITLYLKEKKYSPCAW<br>EVVRAEIMRSFSLSTNLQES<br>LRSKE<br>","8","4","8","14","10","5","3","8","9","21","5","5","5","12","10","14","10","7","2","5"
"1381","Th1059","Hyaluronidase","MWTGLGPAVTLALVLVVAWA<br>TELKPTAPPIFTGRPFVVAW<br>DVPTQDCGPRHKMPLDPKDM<br>KAFDVQASPNEGFVNQNITI<br>FYRDRLGMYPHFNSVGGSVH<br>GGVPQNGSLWVHLEMLKGHV<br>EHYIRTQEPAGLAVIDWEDW<br>RPVWVRNWQDKDVYRRLSRQ<br>LVASHHPDWPPERIVKEAQY<br>EFEFAARQFMLETLRFVKAF<br>RPRHLWGFYLFPDCYNHDYV<br>QNWETYTGRCPDVEVSRNDQ<br>LSWLWAESTALFPSVYLEET<br>LASSTHGRNFVSFRVQEALR<br>VADVHHANHALPVYVFTRPT<br>YSRGLTGLSEMDLISTIGES<br>AALGAAGVILWGDAGFTTSN<br>ETCRRLKDYLTRSLVPYVVN<br>VSWAAQYCSWAQCHGHGRCV<br>RRDPNAHTFLHLSASSFRLV<br>PSHAPDEPRLRPEGELSWAD<br>RNHLQTHFRCQCYLGWGGEQ<br>CQWDRRRAAGGASGAWAGFH<br>LTGLLAVAVLAFTWTS<br>","17","3","15","14","14","15","10","6","8","20","6","9","21","11","17","10","12","25","13","9"
"1382","Th1060","Insulin","porcine","0","1","6","0","4","3","4","2","2","1","6","0","3","1","3","1","3","3","4","0"
"1385","Th1061","Trastuzumab","Light chain 1: DIQMT<br>QSPSSLSASVGDRVTITCRA<br>SQDVNTAVAWYQQKPGKAPK<br>LLIYSASFLYSGVPSRFSGS<br>RSGTDFTLTISSLQPEDFAT<br>YYCQQHYTTPPTFGQGTKVE<br>IKRTVAAPSVFIFPPSDEQL<br>KSGTASVVCLLNNFYPREAK<br>VQWKVDNALQSGNSQESVTE<br>QDSKDSTYSLSSTLTLSKAD<br>YEKHKVYACEVTHQGLSSPV<br>TKSFNRGEC<br>Heavy Chain 1: EVQLVESGGGLVQPG<br>GSLRLSCAASGFNIKDTYIH<br>WVRQAPGKGLEWVARIYPTN<br>GYTRYADSVKGRFTISADTS<br>KNTAYLQMNSLRAEDTAVYY<br>CSRWGGDGFYAMDYWGQGTL<br>VTVSSASTKGPSVFPLAPSS<br>KSTSGGTAALGCLVKDYFPE<br>PVTVSWNSGALTSGVHTFPA<br>VLQSSGLYSLSSVVTVPSSS<br>LGTQTYICNVNHKPSNTKVD<br>KKVEPPKSCDKTHTCPPCPA<br>PELLGGPSVFLFPPKPKDTL<br>MISRTPEVTCVVVDVSHEDP<br>EVKFNWYVDGVEVHNAKTKP<br>REEQYNSTYRVVSVLTVLHQ<br>DWLNGKEYKCKVSNKALPAP<br>IEKTISKAKGQPREPQVYTL<br>PPSRDELTKNQVSLTCLVKG<br>FYPSDIAVEWESNGQPENNY<br>KTTPPVLDSDGSFFLYSKLT<br>VDKSRWQQGNVFSCSVMHEA<br>LHNHYTQKSLSLSPGK<br>Light chain 2: DIQMTQS<br>PSSLSASVGDRVTITCRASQ<br>DVNTAVAWYQQKPGKAPKLL<br>IYSASFLYSGVPSRFSGSRS<br>GTDFTLTISSLQPEDFATYY<br>CQQHYTTPPTFGQGTKVEIK<br>RTVAAPSVFIFPPSDEQLK","17","6","11","11","10","17","4","8","14","18","1","7","14","18","9","35","21","20","3","11"
"1389","Th1062","Rituximab","Heavy Chain: QVQLQQP<br>GAELVKPGASVKMSCKASGY<br>TFTSYNMHWVKQTPGRGLEW<br>IGAIYPGNGDTSYNQKFKGK<br>ATLTADKSSSTAYMQLSSLT<br>SEDSAVYYCARSTYYGGDWY<br>FNVWGAGTTVTVSAASTKGP<br>SVFPLAPSSKSTSGGTAALG<br>CLVKDYFPEPVTVSWNSGAL<br>TSGVHTFPAVLQSSGLYSLS<br>SVVTVPSSSLGTQTYICNVN<br>HKPSNTKVDKKVEPKSCDKT<br>HTCPPCPAPELLGGPSVFLF<br>PPKPKDTLMISRTPEVTCVV<br>VDVSHEDPEVKFNWYVDGVE<br>VHNAKTKPREEQYNSTYRVV<br>SVLTVLHQDWLNGKEYKCKV<br>SNKALPAPIEKTISKAKGQP<br>REPQVYTLPPSRDELTKNQV<br>SLTCLVKGFYPSDIAVEWES<br>NGQPENNYKTTPPVLDSDGS<br>FFLYSKLTVDKSRWQQGNVF<br>SCSVMHEALHNHYTQKSLSL<br>SPGK<br>Light Chain: Q<br>IVLSQSPAILSASPGEKVTM<br>TCRASSSVSYIHWFQQKPGS<br>SPKPWIYATSNLASGVPVRF<br>SGSGSGTSYSLTISRVEAED<br>AATYYCQQWTSNPPTFGGGT<br>KLEIKRTVAAPSVFIFPPSD<br>EQLKSGTASVVCLLNNFYPR<br>EAKVQWKVDNALQSGNSQES<br>VTEQDSKDSTYSLSSTLTLS<br>KADYEKHKVYACEVTHQGLS<br>SPVTKSFNRGEC<br>","18","7","8","6","8","23","4","3","19","18","3","8","21","9","2","34","25","21","5","13"
"1398","Th1063","Basiliximab","Heavy Chain: QLQQSGT<br>VLARPGASVKMSCKASGYSF<br>TRYWMHWIKQRPGQGLEWIG<br>AIYPGNSDTSYNQKFEGKAK<br>LTAVTSASTAYMELSSLTHE<br>DSAVYYCSRDYGYYFDFWGQ<br>GTTLTVSSASTKGPSVFPLA<br>PSSKSTSGGTAALGCLVKDY<br>FPEPVTVSWNSGALTSGVHT<br>FPAVLQSSGLYSLSSVVTVP<br>SSSLGTQTYICNVNHKPSNT<br>KVDKRVEPPKSCDKTHTCPP<br>CPAPELLGGPSVFLFPPKPK<br>DTLMISRTPEVTCVVVDVSH<br>EDPEVKFNWYVDGVEVHNAK<br>TKPREEQYNSTYRVVSVLTV<br>LHQDWLNGKEYKCKVSNKAL<br>PAPIEKTISKAKGQPREPQV<br>YTLPPSRDELTKNQVSLTCL<br>VKGFYPSDIAVEWESNGQPE<br>NNYKTTPPVLDSDGSFFLYS<br>KLTVDKSRWQQGNVFSCSVM<br>HEALHNHYTQKSLSLSPGK<br>Light Chain: QIVSTQ<br>SPAIMSASPGEKVTMTCSAS<br>SSRSYMQWYQQKPGTSPKRW<br>IYDTSKLASGVPARFSGSGS<br>GTSYSLTISSMEAEDAATYY<br>CHQRSSYTFGGGTKLEIKRT<br>VAAPSVFIFPPSDEQLKSGT<br>ASVVCLLNNFYPREAKVQWK<br>VDNALQSGNSQESVTEQDSK<br>DSTYSLSSTLTLSKADYEKH<br>KVYACEVTHQGLSSPVTKSF<br>NRGE<br>","16","7","8","7","9","21","5","5","16","19","4","6","21","9","6","36","24","18","5","13"
"1400","Th1064","Muromonab","Heavy Chain: QVQLQQS<br>GAELARPGASVKMSCKASGY<br>TFTRYTMHWVKQRPGQGLEW<br>IGYINPSRGYTNYNQKFKDK<br>ATLTTDKSSSTAYMQLSSLT<br>SEDSAVYYCARYYDDHYCLD<br>YWGQGTTLTVSSAKTTAPSV<br>YPLAPVCGGTTGSSVTLGCL<br>VKGYFPEPVTLTWNSGSLSS<br>GVHTFPAVLQSDLYTLSSSV<br>TVTSSTWPSQSITCNVAHPA<br>SSTKVDKKIEPRPKSCDKTH<br>TCPPCPAPELLGGPSVFLFP<br>PKPKDTLMISRTPEVTCVVV<br>DVSHEDPEVKFNWYVDGVEV<br>HNAKTKPREEQYNSTYRVVS<br>VLTVLHQDWLNGKEYKCKVS<br>NKALPAPIEKTISKAKGQPR<br>EPQVYTLPPSRDELTKNQVS<br>LTCLVKGFYPSDIAVEWESN<br>GQPENNYKTTPPVLDSDGSF<br>FLYSKLTVDKSRWQQGNVFS<br>CSVMHEALHNHYTQKSLSLSPGK<br>Light Chain: QI<br>VLTQSPAIMSASPGEKVTMT<br>CSASSSVSYMNWYQQKSGTS<br>PKRWIYDTSKLASGVPAHFR<br>GSGSGTSYSLTISGMEAEDA<br>ATYYCQQWSSNPFTFGSGTK<br>LEINRADTAPTVSIFPPSSE<br>QLTSGGASVVCFLNNFYPKD<br>INVKWKIDGSERQNGVLNSW<br>TDQDSKDSTYSMSSTLTLTK<br>DEYERHNSYTCEATHKTSTS<br>PIVKSFNRNEC<br>","15","9","10","6","6","18","5","4","16","20","4","5","21","11","6","33","29","17","5","15"
"1403","Th1065","Digoxin Immune Fab (Ovine)","Heavy Chain: EVQLQQS<br>GPELVKPGASVRMSCKSSGY<br>IFTDFYMNWVRQSHGKSLDY<br>IGYISPYSGVTGYNQKFKGK<br>ATLTVDKSSSTAYMELRSLT<br>SEDSAVYYCAGSSGNKWAMD<br>YWGHGASVTVSSAKTTAPSV<br>YPLAPVCGDTTGSSVTLGCL<br>VKGYFPEPVTLTWNSGSLSS<br>GVHTFPAVLQSDLYTLSSSV<br>TVTSSTWPSQSITCNVAHPA<br>SSTKVDKKIEP<br>Light Chain: DVVMTQTPLSLPVS<br>LGDQASISCRSSQSLVHSNG<br>NTYLNWYLQKAGQSPKLLIY<br>KVSNRFSGVPDRFSGSGSGT<br>DFTLKISRVEAEDLGIYFCS<br>QTTHVPPTFGGGTKLEIKRA<br>DAAPTVSIFPPSSEQLTSGG<br>ASVVCFLNNFYPKDINVKWK<br>IDGSERQNGVLNSWTDQDSK<br>DSTYSMSSTLTLTKDEYERH<br>NSYTCEATHKTSTSPIVKSF<br>NRNEC<br>","14","6","10","6","5","20","5","6","13","18","5","7","14","10","4","45","24","24","5","14"
"1406","Th1066","Ibritumomab","Heavy Chain: QAYLQQS<br>GAELVRPGASVKMSCKASGY<br>TFTSYNMHWVKQTPRQGLEW<br>IGAIYPGNGDTSYNQKFKGK<br>ATLTVDKSSSTAYMQLSSLT<br>SEDSAVYFCARVVYYSNSYW<br>YFDVWGTGTTVTVSAPSVYP<br>LAPVCGDTTGSSVTLGCLVK<br>GYFPEPVTLTWNSGSLSSGV<br>HTFPAVLQSDLYTLSSSVTV<br>TSSTWPSQSITCNVAHPASS<br>TKVDKKIEPRGPTIKPCPPC<br>KCPAPNLLGGPSVFIFPPKI<br>KDVLMISLSPIVTCVVVDVS<br>EDDPDVQISWFVNNVEVHTA<br>QTQTHREDYNSTLRVVSALP<br>IQHQDWMSGKEFKCKVNNKD<br>LPAPIERTISKPKGSVRAPQ<br>VYVLPPPEEEMTKKQVTLTC<br>MVTDFMPEDIYVEWTNNGKT<br>ELNYKNTEPVLDSDGSYFMY<br>SKLRVEKKNWVERNSYSCSV<br>VHEGLHNHHTTKSFSR<br>Light Chain: QIVLSQSPA<br>ILSASPGEKVTMTCRASSSV<br>SYMHWYQQKPGSSPKPWIYA<br>PSNLASGVPARFSGSGSGTS<br>YSLTISRVEAEDAATYYCQQ<br>WSFNPPTFGAGTKLELKRAD<br>AAPTVFIFPPSDEQLKSGTA<br>SVVCLLNNFYPREAKVQWKV<br>DNALQSGNSQESVTEQDSKD<br>STYSLSSTLTLSKADYEKHK<br>VYACEVTHQGLSSPVTKSFN<br>","15","8","8","5","8","19","3","8","15","18","4","7","21","9","4","35","25","23","6","14"
"1412","Th1068","Tositumomab","Heavy Chain 1: QAYLQ<br>QSGAELVRPGASVKMSCKAS<br>GYTFTSYNMHWVKQTPRQGL<br>EWIGAIYPGNGDTSYNQKFK<br>GKATLTVDKSSSTAYMQLSS<br>LTSEDSAVYFCARVVYYSNS<br>YWYFDVWGTGTTVTVSGPSV<br>FPLAPSSKSTSGGTAALGCL<br>VKDYFPEPVTVSWNSGALTS<br>GVHTFPAVLQSSGLYSLSSV<br>VTVPSSSLGTQTYICNVNHK<br>PSNTKVDKKAEPKSCDKTHT<br>CPPCPAPELLGGPSVFLFPP<br>KPKDTLMISRTPEVTCVVVD<br>VSHEDPEVKFNWYVDGVEVH<br>NAKTKPREEQYNSTYRVVSV<br>LTVLHQDWLNGKEYKCKVSN<br>KALPAPIEKTISKAKGQPRE<br>PQVYTLPPSRDELTKNQVSL<br>TCLVKGFYPSDIAVEWESNG<br>QPENNYKTTPPVLDSDGSFF<br>LYSKLTVDKSRWQQGNVFSC<br>SVMHEALHNHYTQKSLSLSPGK","0","0","16","7","8","6","9","20","4","4","17","18","4","8","20","9","4","36","24","22"
"1415","Th1069","Pegvisomant","FPTIPLSRLFDNAMLRAHRL<br>HQLAFDTYQEFEEAYIPKEQ<br>KYSFLQNPQTSLCFSESIPT<br>PSNREETQQKSNLELLRISL<br>LLIQSWLEPVQFLRSVFANS<br>LVYGASDSNVYDLLKDLEEG<br>IQTLMGRLEDGSPRTGQIFK<br>QTYSKFDTNSHNDDALLKNY<br>GLLYCFRKDMDKVETFLRIV<br>QCRSVEGSCGF<br>","7","4","11","14","13","8","3","8","9","26","3","9","8","13","11","18","10","7","1","8"
"1419","Th1070","Botulinum Toxin Type A","MPFVNKQFNYKDPVNGVDIA<br>YIKIPNVGQMQPVKAFKIHN<br>KIWVIPERDTFTNPEEGDLN<br>PPPEAKQVPVSYYDSTYLST<br>DNEKDNYLKGVTKLFERIYS<br>TDLGRMLLTSIVRGIPFWGG<br>STIDTELKVIDTNCINVIQP<br>DGSYRSEELNLVIIGPSADI<br>IQFECKSFGHEVLNLTRNGY<br>GSTQYIRFSPDFTFGFEESL<br>EVDTNPLLGAGKFATDPAVT<br>LAHELIHAGHRLYGIAINPN<br>RVFKVNTNAYYEMSGLEVSF<br>EELRTFGGHDAKFIDSLQEN<br>EFRLYYYNKFKDIASTLNKA<br>KSIVGTTASLQYMKNVFKEK<br>YLLSEDTSGKFSVDKLKFDK<br>LYKMLTEIYTEDNFVKFFKV<br>LNRKTYLNFDKAVFKINIVP<br>KVNYTIYDGFNLRNTNLAAN<br>FNGQNTEINNMNFTKLKNFT<br>GLFEFYKLLCVRGIITSKTK<br>SLDKGYNKALNDLCIKVNNW<br>DLFFSPSEDNFTNDLNKGEE<br>ITSDTNIEAAEENISLDLIQ<br>QYYLTFNFDNEPENISIENL<br>SSDIIGQLELMPNIERFPNG<br>KKYELDKYTMFHYLRAQEFE<br>HGKSRIALTNSVNEALLNPS<br>RVYTFFSSDYVKKVNKATEA<br>AMFLGWVEQLVYDFTDETSE<br>VSTTDKIADITIIIPYIGPA<br>LNIGNMLYKDDFVGALIFSG<br>AVILLEFIPEIAIPVLGTFA<br>LVSYIANKVLTVQTIDNALS<br>KRNEKWDEVYKYIVTNWLAK<br>VNTQIDLIRKKMKEALENQA<br>EATKAIINYQYNQYTEEEKN<br>NINFNIDDLSSKLNESINKA<br>MININKFLNQCSVSYLMNSM<br>IPYGVKRLEDFDASLKDALL<br>KYIYDNRGTLIGQVDR","11","2","15","16","14","19","5","21","14","18","4","19","17","7","9","14","17","18","2","13"
"1422","Th1071","Pancrelipase","Pancreatic alpha amylase: QYSPNTQQGRTSIV<br>HLFEWRWVDIALECERYLAP<br>KGFGGVQVSPPNENVAIYNP<br>FRPWWERYQPVSYKLCTRSG<br>NEDEFRNMVTRCNNVGVRIY<br>VDAVINHMCGNAVSAGTSST<br>CGSYFNPGSRDFPAVPYSGW<br>DFNDGKCKTGSGDIENYNDA<br>TQVRDCRLTGLLDLALEKDY<br>VRSKIAEYMNHLIDIGVAGF<br>RLDASKHMWPGDIKAILDKL<br>HNLNSNWFPAGSKPFIYQEV<br>IDLGGEPIKSSDYFGNGRVT<br>EFKYGAKLGTVIRKWNGEKM<br>SYLKNWGEGWGFVPSDRALV<br>FVDNHDNQRGHGAGGASILT<br>FWDARLYKMAVGFMLAHPYG<br>FTRVMSSYRWPRQFQNGNDV<br>NDWVGPPNNNGVIKEVTINP<br>DTTCGNDWVCEHRWRQIRNM<br>VIFRNVVDGQPFTNWYDNGS<br>NQVAFGRGNRGFIVFNNDDW<br>SFSLTLQTGLPAGTYCDVIS<br>GDKINGNCTGIKIYVSDDGK<br>AHFSISNSAEDPFIAIHAESKL","0","0","14","7","17","13","11","23","5","14","11","15","4","19","14","7","15","18","10","18"
"1428","Th1072","Streptokinase","MKNYLSFGMFALLFALTFGT<br>VNSVQAIAGPEWLLDRPSVN<br>NSQLVVSVAGTVEGTNQDIS<br>LKFFEIDLTSRPAHGGKTEQ<br>GLSPKSKPFATDSGAMSHKL<br>EKADLLKAIQEQLIANVHSN<br>DDYFEVIDFASDATITDRNG<br>KVYFADKDGSVTLPTQPVQE<br>FLLSGHVRVRPYKEKPIQNQ<br>AKSVDVEYTVQFTPLNPDDD<br>FRPGLKDTKLLKTLAIGDTI<br>TSQELLAQAQSILNKNHPGY<br>TIYERDSSIVTHDNDIFRTI<br>LPMDQEFTYRVKNREQAYRI<br>NKKSGLNEEINNTDLISEKY<br>YVLKKGEKPYDPFDRSHLKL<br>FTIKYVDVDTNELLKSEQLL<br>TASERNLDFRDLYDPRDKAK<br>LLYNNLDAFGIMDYTLTGKV<br>EDNHDDTNRIITVYMGKRPE<br>GENASYHLAYDKDRYTEEER<br>EVYSYLRYTGTPIPDNPNDK<br>","18","0","21","12","13","15","6","13","17","25","3","13","13","14","7","20","19","18","1","7"
"1431","Th1073","Alemtuzumab","Heavy Chain 1: QVQLQ<br>ESGPGLVRPSQTLSLTCTVS<br>GFTFTDFYMNWVRQPPGRGL<br>EWIGFIRDKAKGYTTEYNPS<br>VKGRVTMLVDTSKNQFSLRL<br>SSVTAADTAVYYCAREGHTA<br>APFDYWGQGSLVTVSSASTK<br>GPSVFPLAPSSKSTSGGTAA<br>LGCLVKDYFPEPVTVSWNSG<br>ALTSGVHTFPAVLQSSGLYS<br>LSSVVTVPSSSLGTQTYICN<br>VNHKPSNTKVDKKVEPKSCD<br>KTHTCPPCPAPELLGGPSVF<br>LFPPKPKDTLMISRTPEVTC<br>VVVDVSHEDPEVKFNWYVDG<br>VEVHNAKTKPREEQYNSTYR<br>VVSVLTVLHQDWLNGKEYKC<br>KVSNKALPAPIEKTISKAKG<br>QPREPQVYTLPPSRDELTKN<br>QVSLTCLVKGFYPSDIAVEW<br>ESNGQPENNYKTTPPVLDSD<br>GSFFLYSKLTVDKSRWQQGN<br>VFSCSVMHEALHNHYTQKSL<br>SLSPGK","0","0","14","7","9","7","11","21","4","3","15","21","2","7","23","9","7","32","26","24"
"1433","Th1074","Alglucerase","ARPCIPKSFGYSSVVCVCNA<br>TYCDSFDPPTFPALGTFSRY<br>ESTRSGRRMELSMGPIQANH<br>TGTGLLLTLQPEQKFQKVKG<br>FGGAMTDAAALNILALSPPA<br>QNLLLKSYFSEEGIGYNIIR<br>VPMASCDFSIRTYTYADTPD<br>DFQLHNFSLPEEDTKLKIPL<br>IHRALQLAQRPVSLLASPWT<br>SPTWLKTNGAVNGKGSLKGQ<br>PGDIYHQTWARYFVKFLDAY<br>AEHKLQFWAVTAENEPSAGL<br>LSGYPFQCLGFTPEHQRDFI<br>ARDLGPTLANSTHHNVRLLM<br>LDDQRLLLPHWAKVVLTDPE<br>AAKYVHGIAVHWYLDFLAPA<br>KATLGETHRLFPNTMLFASE<br>ACVGSKFWEQSVRLGSWDRG<br>MQYSHSIITNLLYHVVGWTD<br>WNLALNPEGGPNWVRNFVDS<br>PIIVDITKDTFYKQPMFYHL<br>GHFSKFIPEGSQRVGLVASQ<br>KNDLDAVALMHPDGSAVVVV<br>LNRSSKDVPLTIKDPAVGFL<br>ETISPGYSIHTYLWRRQ<br>","22","6","10","11","15","19","6","10","12","27","4","9","20","12","10","20","18","9","4","11"
"1437","Th1076","Laronidase","APHLVQVDAARALWPLRRFW<br>RSTGFCPPLPHSQADQYVLS<br>WDQQLNLAYVGAVPHRGIKQ<br>VRTHWLLELVTTRGSTGRGL<br>SYNFTHLDGYLDLLRENQLL<br>PGFELMGSASGHFTDFEDKQ<br>QVFEWKDLVSSLARRYIGRY<br>GLAHVSKWNFETWNEPDHHD<br>FDNVSMTMQGFLNYYDACSE<br>GLRAASPALRLGGPGDSFHT<br>PPRSPLSWGLLRHCHDGTNF<br>FTGEAGVRLDYISLHRKGAR<br>SSISILEQEKVVAQQIRQLF<br>PKFADTPIYNDEADPLVGWS<br>LPQPWRADVTYAAMVVKVIA<br>QHQNLLLANTTSAFPYALLS<br>NDNAFLSYHPHPFAQRTLTA<br>RFQVNNTRPPHVQLLRKPVL<br>TAMGLLALLDEEQLWAEVSQ<br>AGTVLDSNHTVGVLASAHRP<br>QGPADAWRAAVLIYASDDTR<br>AHPNRSVAVTLRLRGVPPGP<br>GLVYVTRYLDNGLCSPDGEW<br>RRLGRPVFPTAEQFRRMRAA<br>EDPVAAAPRPLPAGGRLTLR<br>PALRLPSLLLVHVCARPEKP<br>PGQVTRLRALPLTQGQLVLV<br>WSDEHVGSKCLWTYEIQFSQ<br>DGKAYTPVSRKPSTFNLFVF<br>SPDTGAVSGSYRVRALDYWA<br>RPGPFSDPVPYLEVPVPRGP<br>PSPGNP<br>","17","3","15","11","13","22","13","5","6","31","3","8","13","13","19","20","12","14","8","9"
"1439","Th1077","Urofollitropin","Alpha chain:APDVQDCP<br>ECTLQENPFFSQPGAPILQC<br>MGCCFSRAYPTPLRSKKTML<br>VQKNVTSESTCCVAKSYNRV<br>TVMGGFKVENHTACHCSTCY<br>YHKS","0","11","22","8","12","7","10","6","7","13","9","4","7","12","7","8","15","20","13","1"
"1442","Th1078","Efalizumab","Light Chain:DIQMTQSP<br>SSLSASVGDRVTITCRASKT<br>ISKYLAWXQQKPGKAPKLLI<br>YSGSTLQSGVPSRFSGSGSG<br>TDFTLTISSLQPEDFATYYC<br>QQHNEYPLTFGQGTKVEIKR","0","11","4","9","8","9","23","3","13","12","17","4","5","9","15","10","26","19","12","5"
"1445","Th1079","Serum Albumin","DAHKSEVAHRFKDLGEENFK<br>ALVLIAFAQYLQQCPFEDHV<br>KLVNEVTEFAKTCVADESAE<br>NCDKSLHTLFGDKLCTVATL<br>RETYGEMADCCAKQEPERNE<br>CFLQHKDDNPNLPRLVRPEV<br>DVMCTAFHDNEETFLKKYLY<br>EIARRHPYFYAPELLFFAKR<br>YKAAFTECCQAADKAACLLP<br>KLDELRDEGKASSAKQRLKC<br>ASLQKFGERAFKAWAVARLS<br>QRFPKAEFAEVSKLVTDLTK<br>VHTECCHGDLLECADDRADL<br>AKYICENQDSISSKLKECCE<br>KPLLEKSHCIAEVENDEMPA<br>DLPSLAADFVESKDVCKNYA<br>EAKDVFLGMFLYEYARRHPD<br>YSVVLLLRLAKTYETTLEKC<br>CAAADPHECYAKVFDEFKPL<br>VEEPQNLIKQNCELFEQLGE<br>YKFQNALLVRYTKKVPQVST<br>PTLVEVSRNLGKVGSKCCKH<br>PEAKRMPCAEDYLSVVLNQL<br>CVLHEKTPVSDRVTKCCTES<br>LVNRRPCFSALEVDETYVPK<br>EFNAETFTFHADICTLSEKE<br>RQIKKQTALVELVKHKPKAT<br>KEQLKAVMDDFAAFVEKCCK<br>ADDKETCFAEEGKKLVAASQ<br>AALGL<br>","31","15","17","26","17","6","9","2","23","27","2","7","9","9","13","8","12","14","1","7"
"1447","Th1080","Choriogonadotropin Alfa","Alpha chain: APDVQDC<br>PECTLQENPFFSQPGAPILQ<br>CMGCCFSRAYPTPLRSKKTM<br>LVQKNVTSESTCCVAKSYNR<br>VTVMGGFKVENHTACHCSTC<br>YYHKS<br>Beta chain: SK<br>EPLRPRCRPINATLAVEKEG<br>CPVCITVNTTICAGYCPTMT<br>RVLQGVLPALPQVVCNYRDV<br>RFESIRLPGCPRGVNPVVSY<br>AVALSCQCALCRRSTTDCGG<br>PKDHPLTCDDPRFQDSSSSK<br>APPPSLPSPSRLPGPSDTPI<br>LPQ<br>","13","22","9","8","6","12","4","6","10","16","4","8","29","10","15","21","18","19","0","7"
"1451","Th1082","Filgrastim","MTPLGPASSLPQSFLLKCLE<br>QVRKIQGDGAALQEKLCATY<br>KLCHPEELVLLGHSLGIPWA<br>PLSSCPSQALQLAGCLSQLH<br>SGLFLYQGLLQALEGISPEL<br>GPTLDTLQLDVADFATTIWQ<br>QMEELGMAPALQPTQGAMPA<br>FASAFQRRAGGVLVASHLQS<br>FLEVSYRVLRHLAQP<br>","19","5","4","9","6","14","5","4","4","33","4","0","13","17","5","14","7","7","2","3"
"1453","Th1083","Coagulation Factor Ix","YNSGKLEEFVQGNLERECME<br>EKCSFEEAREVFENTERTTE<br>FWKQYVDGDQCESNPCLNGG<br>SCKDDINSYECWCPFGFEGK<br>NCELDVTCNIKNGRCEQFCK<br>NSADNKVVCSCTEGYRLAEN<br>QKSCEPAVPFPCGRVSVSQT<br>SKLTRAEAVFPDVDYVNSTE<br>AETILDNITQSTQSFNDFTR<br>VVGGEDAKPGQFPWQVVLNG<br>KVDAFCGGSIVNEKWIVTAA<br>HCVETGVKITVVAGEHNIEE<br>TEHTEQKRNVIRIIPHHNYN<br>AAINKYNHDIALLELDEPLV<br>LNSYVTPICIADKEYTNIFL<br>KFGSGYVSGWGRVFHKGRSA<br>LVLQYLRVPLVDRATCLRST<br>KFTIYNNMFCAGFHEGGRDS<br>CQGDSGGPHVTEVEGTSFLT<br>GIISWGEECAMKGKYGIYTK<br>VSRYVNWIKEKTKLT<br>","12","17","12","31","13","18","3","11","15","8","1","19","9","11","10","15","17","24","4","5"
"1454","Th1084","Becaplermin","SLGSLTIAEPAMIAECKTRT<br>EVFEISRRLIDRTNANFLVW<br>PPCVEVQRCSGCCNNRNVQC<br>RPTQVQLRPVQVRKIEIVRK<br>KPIFKKATVTLEDHLACKCE<br>TVAAARPVT<br>","9","8","2","8","3","2","1","7","7","7","1","5","7","5","11","4","9","12","1","0"
"1455","Th1085","Agalsidase Beta","LDNGLARTPTMGWLHWERFM<br>CNLDCQEEPDSCISEKLFME<br>MAELMVSEGWKDAGYEYLCI<br>DDCWMAPQRDSEGRLQADPQ<br>RFPHGIRQLANYVHSKGLKL<br>GIYADVGNKTCAGFPGSFGY<br>YDIDAQTFADWGVDLLKFDG<br>CYCDSLENLADGYKHMSLAL<br>NRTGRSIVYSCEWPLYMWPF<br>QKPNYTEIRQYCNHWRNFAD<br>IDDSWKSIKSILDWTSFNQE<br>RIVDVAGPGGWNDPDMLVIG<br>NFGLSWNQQVTQMALWAIMA<br>APLFMSNDLRHISPQAKALL<br>QDKDVIAINQDPLGKQGYQL<br>RQGDNFEVWERPLSGLAWAV<br>AMINRQEIGGPRSYTIAVAS<br>LGKGVACNPACFITQLLPVK<br>RKLGFYEWTSRLRSHINPTG<br>TVLLQLENTMQMSLKDLL<br>","15","10","23","13","11","21","5","12","10","22","10","13","11","12","11","15","8","9","12","12"
"1456","Th1086","Interferon Alfa-2B","Recombinant","0","8","4","8","14","10","5","3","8","9","21","5","5","5","12","10","14","10","7","2"
"1460","Th1087","Oxytocin","CYIQNCPLG<br>","0","2","0","0","0","1","0","1","0","1","0","1","1","1","0","0","0","0","0","1"
"1462","Th1088","Enfuvirtide","YTSLIHSLIEESQNQQEKNE<br>QELLELDKWASLWNWF<br>","1","0","1","6","1","0","1","2","2","6","0","3","0","4","0","4","1","0","3","1"
"1465","Th1089","Palivizumab","VH region: QVTLRESG<br>PALVKPTQTLTLTCTFSGFS<br>LSTSGMSVGWIRQPPGKALE<br>WLADIWWDDKKDYNPSLKSR<br>LTISKDTSKNQVVLKVTNMD<br>PADTATYYCARSMITNWYFD<br>VWGAGTTVTVSS<br>","7","2","8","2","3","7","0","4","8","10","3","4","6","4","4","13","16","9","6","4"
"1466","Th1090","Daclizumab","QVQLVQSGAEVKKPGSSVKV<br>SCKASGYTFTSYRMHWVRQA<br>PGQGLEWIGYINPSTGYTEY<br>NQKFKDKATITADESTNTAY<br>MELSSLRSEDTAVYYCARGG<br>GVFDYWGQGTTLTVSSGPSV<br>FPLAPSSKSTSGGTAALGCL<br>VKDYFPEPVTVSWNSGALTS<br>GVHTFPAVLQSSGLYSLSSV<br>VTVPSSSLGTQTYICNVNHK<br>PSNTKVDKKAEPKSCDKTHT<br>CPPCPAPELLGGPSVFLFPP<br>KPKDTLMISRTPEVTCVVVD<br>VSHEDPEVKFNWYVDGVEVH<br>NAKTKPREEQYNSTYRVVSV<br>LTVLHQDWLNGKEYKCKVSN<br>KALPAPIEKTISKAKGQPRE<br>PQVYTLPPSRDELTKNQVSL<br>TCLVKGFYPSDIAVEWESNG<br>QPENNYKTTPPVLDSDGSFF<br>LYSKLTVDKSRWQQGNVFSC<br>SVMHEALHNHYTQKSLSLSP<br>GK Light Cha<br>in: DIQMTQSPSTLSASVG<br>DRVTITCSASSSISYMHWYQ<br>QKPGKAPKLLIYTTSNLASG<br>VPARFSGSGSGTEFTLTISS<br>LQPDDFATYYCHQRSTYPLT<br>FGSGTKVEVKRTVAAPSVFI<br>FPPSDEQLKSGTASVVCLLN<br>NFYPREAKVQWKVDNALQSG<br>NSQESVTEQDSKDSTYSLSS<br>TLTLSKADYEKHKVYACEVT<br>HQGLSSPVTKSFNR<br>","15","7","8","10","8","22","4","5","17","17","3","7","21","9","5","33","26","22","4","12"
"1468","Th1091","Bevacizumab","DIQMTQSPSSLSASVGDRVT<br>ITCSASQDISNYLNWYQQKP<br>GKAPKVLIYFTSSLHSGVPS<br>RFSGSGSGTDFTLTISSLQP<br>EDFATYYCQQYSTVPWTFGQ<br>GTKVEIKRTVAAPSVFIFPP<br>SDEQLKSGTASVVCLLNNFY<br>PREAKVQWKVDNALQSGNSQ<br>ESVTEQDSKDSTYSLSSTLT<br>LSKADYEKHKVYACEVTHQG<br>LSSPVTKSFNRGEC<br>","11","5","10","9","9","12","3","7","13","14","1","7","11","15","5","34","19","16","3","10"
"1478","Th1098","Exenatide","HGEGTFTSDLSKQMEEEAVR<br>LFIEWLKNGGPSSGAPPPS<br>","2","0","1","5","2","5","1","1","2","3","1","1","4","1","1","5","2","1","1","0"
"1480","Th1099","Mecasermin","GPETLCGAELVDALQFVCGD<br>RGFYFNKPTGYGSSSRRAPQ<br>TGIVDECCFRSCDLRRLEMY<br>CAPLKPAKSA<br>","6","6","4","4","4","7","0","1","3","6","1","1","5","2","6","5","3","3","0","3"
"1482","Th1100","Pramlintide","KCNTATCATQRLANFLVHSS<br>NNFGPILPPTNVGSNTY<br>","3","2","0","0","2","2","1","1","1","3","0","6","3","1","1","3","5","2","0","1"
"1494","Th1101","Galsulfase","SGAGASRPPHLVFLLADDLG<br>WNDVGFHGSRIRTPHLDALA<br>AGGVLLDNYYTQPLCTPSRS<br>QLLTGRYQIRTGLQHQIIWP<br>CQPSCVPLDEKLLPQLLKEA<br>GYTTHMVGKWHLGMYRKECL<br>PTRRGFDTYFGYLLGSEDYY<br>SHERCTLIDALNVTRCALDF<br>RDGEEVATGYKNMYSTNIFT<br>KRAIALITNHPPEKPLFLYL<br>ALQSVHEPLQVPEEYLKPYD<br>FIQDKNRHHYAGMVSLMDEA<br>VGNVTAALKSSGLWNNTVFI<br>FSTDNGGQTLAGGNNWPLRG<br>RKWSLWEGGVRGVGFVASPL<br>LKQKGVKNRELIHISDWLPT<br>LVKLARGHTNGTKPLDGFDV<br>WKTISEGSPSPRIELLHNID<br>PNFVDSSPCPRNSMAPAKDD<br>SSLPEYSAFNTSVHAAIRHG<br>NWKLLTGYPGCGYWFPPPSQ<br>YNVSEIPSSDPPTKTLWLFD<br>IDRDPEERHDLSREYPHIVT<br>KLLSRLQFYHKHSVPVYFPA<br>QDPRCDPKATGVWGPWM<br>","17","6","14","12","8","20","11","9","10","34","5","9","16","10","14","13","16","12","4","15"
"1500","Th1103","Cosyntropin","ACTH(1-24): SYSMEHFRWG<br>KPVGKKRRPVKVYP<br>","0","0","0","1","1","2","1","0","4","0","1","0","3","0","3","2","0","3","1","2"
"1502","Th1105","Insulin Aspart","A chain: GIVEQCCTSICSL<br>YQLENYCN","0","1","6","1","4","3","4","2","2","1","6","0","3","0","3","1","3","3","4","0"
"1511","Th1106","Insulin Detemir","A chain: GIVEQCCTSICSL<br>YQLENYCN","0","1","6","0","4","3","4","2","2","1","6","0","3","1","3","1","3","2","4","0"
"1520","Th1107","Insulin Glulisine","A chain: GIVEQCCTSICSL<br>YQLENYCN","0","1","6","0","5","3","4","2","2","1","6","0","2","1","3","1","3","3","4","0"
"1533","Th1112","Interferon Alpha-1","Inteferon alpha-1:<br> CDLPETHSLDNRRTLMLLAQMS<br>RISPSSCLMDRHDFGFPQEE<br>FDGNQFQKAPAISVLHELIQ<br>QIFNLFTTKDSSAAWDEDLL<br>DKFCTELYQQLNDLEACVMQ<br>EERVGETPLMNADSILAVKK<br>YFRRITLYLTEKKYSPCAWE<br>VVRAEIMRSLSLSTNLQERLRRKE","0","10","5","12","15","8","3","3","7","9","23","6","6","6","10","15","13","9","6","2"
"1533","Th1112","Inteferon Alpha-2","Inteferon alpha-2 CDLPQTHSLGSRRTLML<br>LAQMRKISLFSCLKDRHDFG<br>FPQEEFGNQFQKAETIPVLH<br>EMIQQIFNLFSTKDSSAAWD<br>ETLLDKFYTELYQQLNDLEA<br>CVIQGVGVTETPLMKEDSIL<br>AVRKYFQRITLYLKEKKYSP<br>CAWEVVRAEIMRSFSLSTNL<br>QESLRSK","0","8","4","8","13","10","5","3","8","11","21","5","4","5","12","9","14","10","7","2"
"1533","Th1112","Interferon Alpha-8","Interferon alpha-8 CDLPQTHSLGNRR<br>ALILLAQMRRISPFSCLKDR<br>HDFEFPQEEFDDKQFQKAQA<br>ISVLHEMIQQTFNLFSTKDS<br>SAALDETLLDEFYIELDQQL<br>NDLESCVMQEVGVIESPLMY<br>EDSILARKYFQRITLYLTEK<br>KYSSCAWEVVRAEIMRSFSL<br>SINLQKRLKSKE","0","9","4","11","15","10","2","3","10","10","21","5","4","4","13","10","16","6","6","1"
"1533","Th1112","Interferon Alpha-10","Interferon alpha-10 CDLPQTH<br>SLGNRRALILLGQMGRISPF<br>SCLKDRHDFRIPQEEFDGNQ<br>FQKAQAISVLHEMIQQTFNL<br>FSTEDSSAAWEQSLLEKFST<br>ELYQQLNDLEACVIQEVGVE<br>ETPLMNEDSILAVRKYFQRI<br>TLYLIERKYSPCAWEVVRAE<br>IMRSLSFSTNLQKRLRRKD","0","9","4","8","15","9","5","3","10","7","20","4","6","5","14","13","14","7","7","2"
"1533","Th1112","Interferon Alpha-14","Interferon alpha-14 <br>CNLSQTHSLNNRRTLMLMAQ<br>MRRISPFSCLKDRHDFEFPQ<br>EEFDGNQFQKAQAISVLHEM<br>MQQTFNLFSTKNSSAAWDET<br>LLEKFYIELFQQMNDLEACV<br>IQEVGVEETPLMNEDSILAV<br>KKYFQRITLYLMEKKYSPCA<br>WEVVRAEIMRSLSFSTNLQK<br>","9","4","6","15","11","2","3","7","9","17","9","9","4","13","8","13","8","7","2","4"
"1533","Th1112","Interferon Alpha-21","Interferon alpha-21 CDLPQTHSLGNRR<br>ALILLAQMGRISPFSCLKDR<br>HDFGFPQEEFDGNQFQKAQA<br>ISVLHEMIQQTFNLFSTKDS<br>SATWEQSLLEKFSTELNQQL<br>NDLEACVIQEVGVEETPLMN<br>VDSILAVKKYFQRITLYLTE<br>KKYSPCAWEVVRAEIMRSFS<br>LSKIFQERLRRKE<br>","9","4","7","15","11","5","3","9","10","19","4","6","5","14","10","14","8","8","2","3"
"1535","Th1114","Preotact","Parathyroid hormone:<br> SVSEIQLMHNLGKHLNSME<br>RVEWLRKKLQDVHNFVALGA<br>PLAPRDAGSQRPRKKEDNVL<br>VESHEKSLGEADKADVNVLT<br>KAKSQ<br>","7","0","5","7","1","4","4","1","9","10","2","5","3","4","5","7","1","8","1","0"
"1537","Th1116","Canakinumab","H-GAMMA-1 (VH(1-118)<br>+CH1(119-216)+HINGE-<br>REGION(217-231)+CH2<br>(232-341)+CH3(342-448) <br>QVQLVESGGGVVQPGRSL<br>RLSCAASGFTFSVYGMNWVR<br>QAPGKGLEWVAIIWYDGDNQ<br>YYADSVKGRFTISRDNSKNT<br>LYLQMNGLRAEDTAVYYCAR<br>DLRTGPFDYWGQGTLVTVSS<br>ASTKGPSVFPLAPSSKSTSG<br>GTAALGCLVKDYFPEPVTVS<br>WNSGALTSGVHTFPAVLQSS<br>GLYSLSSVVTVPSSSLGTQT<br>YICNVNHKPSNTKVDKRVEP<br>KSCDKTHTCPPCPAPELLGG<br>PSVFLFPPKPKDTLMISRTP<br>EVTCVVVDVSHEDPEVKFNW<br>YVDGVEVHNAKTKPREEQYN<br>STYRVVSVLTVLHQDWLNGK<br>EYKCKVSNKALPAPIEKTIS<br>KAKGQPREPQVYTLPPSREE<br>MTKNQVSLTCLVKGFYPSDI<br>AVEWESNGQPENNYKTTPPV<br>LDSDGSFFLYSKLTVDKSRW<br>QQGNVFSCSVMHEALHNHYT<br>QKSLSLSPGK <br>L-KAPPA (V-KAPPA(1-107)+C-<br>KAPPA(108-214))<br>|214|MW 23357.9|MW23357.9<br>QVQLVESGG<br>GVVQPGRSLRLSCAASGFTF<br>SVYGMNWVRQAPGKGLEWVA<br>IIWYDGDNQYYADSVKGRFT<br>ISRDNSKNTLYLQMNGLRAE<br>DTAVYYCARDLRTGPFDYWG<br>QGTLVTVSSASTKGPSVFPL<br>APSSKSTSGGTAALGCLVKD<br>YFPEPVTVSWNSGALTSGVH<br>TFPAVLQSSGLEIVLTQSPD<br>FQSVTPKEKVTITCRASQSI<br>GSSLHWYQQKPDQSPKLLIK<br>YASQSF","15","7","11","6","9","24","3","5","13","21","3","9","20","9","9","31","20","24","5","11"
"1556","Th1120","Teriparatide","Parathyroid hormone precursor <br> Homo sapiens (1-34)<br>SVSEIQLMH<br>NLGKHLNSMERVEWLRKKLQ<br>DVHNF<br>","0","0","1","3","1","1","3","1","3","5","2","3","0","2","2","3","0","3","1","0"
"1560","Th1121","Pertuzumab","light chain DIQMTQSP<br>SSLSASVGDRVTITCKASQD<br>VSIGVAWYQQKPGKAPKLLI<br>YSASYRYTGVPSRFSGSGSG<br>TDFTLTISSLQPEDFATYYC<br>QQYYIYPYTFGQGTKVEIKR<br>TVAAPSVFIFPPSDEQLKSG<br>TASVVCLLNNFYPREAKVQW<br>KVDNALQSGNSQESVTEQDS<br>KDSTYSLSSTLTLSKADYEK<br>HKVYACEVTHQGLSSPVTKS<br>FNRGEC","0","16","6","12","11","10","19","2","8","14","17","2","5","13","18","8","35","21","20","3"
"1562","Th1122","Rilonacept","rilonacept|Homo sapiens<br>||FUSION-IL1RAP-IL1R1-GAMMA-1<br>(IL1RAP+(Pr21-359)(1-339)+I<br>L1R1+(Pr22-333)(340-651)+<br>HINGE-REGION(652-663)+CH2(664-773)+<br>CH3(774-880))|||||||<br>880||||MW 100630.6<br>|MW100630.6|: SERCDDWGL<br>DTMRQIQVFEDEPARIKCPL<br>FEHFLKFNYSTAHSAGLTLI<br>WYWTRQDRDLEEPINFRLPE<br>NRISKEKDVLWFRPTLLNDT<br>GNYTCMLRNTTYCSKVAFPL<br>EVVQKDSCFNSPMKLPVHKL<br>YIEYGIQRITCPNVDGYFPS<br>SVKPTITWYMGCYKIQNFNN<br>VIPEGMNLSFLIALISNNGN<br>YTCVVTYPENGRTFHLTRTL<br>TVKVVGSPKNAVPPVIHSPN<br>DHVVYEKEPGEELLIPCTVY<br>FSFLMDSRNEVWWTIDGKKP<br>DDITIDVTINESISHSRTED<br>ETRTQILSIKKVTSEDLKRS<br>YVCHARSAKGEVAKAAKVKQ<br>KVPAPRYTVEKCKEREEKII<br>LVSSANEIDVRPCPLNPNEH<br>KGTITWYKDDSKTPVSTEQA<br>SRIHQHKEKLWFVPAKVEDS<br>GHYYCVVRNSSYCLRIKISA<br>KFVENEPNLCYNAQAIFKQK<br>LPVAGDGGLVCPYMEFFKNE<br>NNELPKLQWYKDCKPLLLDN<br>IHFSGVKDRLIVMNVAEKHR<br>GNYTCHASYTYLGKQYPITR<br>VIEFITLEENKPTRPVIVSP<br>ANETMEVDLGSQIQLICNVT<br>GQLSDIAYWKWNGSVIDEDD<br>PVLGEDYYSVENPANKRRST<br>LITVLNISEIESRFYKHPFT<br>CFAKNTHGIDAAYIQLIYPV<br>","6","9","12","16","14","11","6","15","13","22","6","18","19","6","12","14","19","19","5","13"
"1570","Th1123","Denosumab","Heavy chain EVQLLESG<br>GGLVQPGGSLRLSCAASGFT<br>FSSYAMSWVRQAPGKGLEWV<br>SGITGSGGSTYYADSVKGRF<br>TISRDNSKNTLYLQMNSLRA<br>EDTAVYYCAKDPGTTVIMSW<br>FDPWGQGTLVTVSSASTKGP<br>SVFPLAPSSKSTSGGTAALG<br>CLVKDYFPEPVTVSWNSGAL<br>TSGVHTFPAVLQSSGLYSLS<br>SVVTVPSSSLGTQTYICNVN<br>HKPSNTKVDKKVEPKSCDKT<br>HTCPPCPAPELLGGPSVFLF<br>PPKPKDTLMISRTPEVTCVV<br>VDVSHEDPEVKFNWYVDGVE<br>VHNAKTKPREEQYNSTYRVV<br>SVLTVLHQDWLNGKEYKCKV<br>SNKALPAPIEKTISKAKGQP<br>REPQVYTLPPSRDELTKNQV<br>SLTCLVKGFYPSDIAVEWES<br>NGQPENNYKTTPPVLDSDGS<br>FFLYSKLTVDKSRWQQGNVF<br>SCSVMHEALHNHYTQKSLSLSPGK","0","15","7","9","7","9","26","3","4","15","21","3","7","21","7","5","37","23","22","5"
"1576","Th1124","Liraglutide","HAEGTFTSDVSSYLEGQAAK<br>EEFIIAWLVKGRG<br>","4","0","1","4","2","4","1","2","2","2","0","0","0","1","1","3","2","2","1","1"
"1596","Th1126","Belatacept","MHVAQPAVVLASSRGIASFV<br>CEYASPGKYTEVRVTVLRQA<br>DSQVTEVCAATYMMGNELTF<br>LDDSICTGTSSGNQVNLTIQ<br>GLRAMDTGLYICKVELMYPP<br>PYYEGIGNGTQIYVIDPEPC<br>PDSDQEPKSSDKTHTSPPSP<br>APELLGGSSVFLFPPKPKDT<br>LMISRTPEVTCVVVDVSHED<br>PEVKFNWYVDGVEVHNAKTK<br>PREEQYNSTYRVVSVLTVLH<br>QDWLNGKEYKCKVSNKALPA<br>PIEKTISKAKGQPREPQVYT<br>LPPSRDELTKNQVSLTCLVK<br>GFYPSDIAVEWESNGQPENN<br>YKTTPPVLDSDGSFFLYSKL<br>TVDKSRWQQGNVFSCSVMHE<br>ALHNHYTQKSLSLSPGK<br>","14","7","13","18","5","15","5","10","16","16","6","9","22","10","8","21","19","27","2","12"
"1603","Th1129","Velaglucerase Alfa","ARPCIPKSFGYSSVVCVCNA<br>TYCDSFDPPTFPALGTFSRY<br>ESTRSGRRMELSMGPIQANH<br>TGTGLLLTLQPEQKFQKVKG<br>FGGAMTDAAALNILALSPPA<br>QNLLLKSYFSEEGIGYNIIR<br>VPMASCDFSIRTYTYADTPD<br>DFQLHNFSLPEEDTKLKIPL<br>IHRALQLAQRPVSLLASPWT<br>SPTWLKTNGAVNGKGSLKGQ<br>PGDIYHQTWARYFVKFLDAY<br>AEHKLQFWAVTAENEPSAGL<br>LSGYPFQCLGFTPEHQRDFI<br>ARDLGPTLANSTHHNVRLLM<br>LDDQRLLLPHWAKVVLTDPE<br>AAKYVHGIAVHWYLDFLAPA<br>KATLGETHRLFPNTMLFASE<br>ACVGSKFWEQSVRLGSWDRG<br>MQYSHSIITNLLYHVVGWTD<br>WNLALNPEGGPNWVRNFVDS<br>PIIVDITKDTFYKQPMFYHL<br>GHFSKFIPEGSQRVGLVASQ<br>KNDLDAVALMHPDGSAVVVV<br>LNRSSKDVPLTIKDPAVGFL<br>ETISPGYSIHTYLWRRQ<br>","22","6","10","11","15","19","6","10","12","27","4","9","20","12","10","20","18","9","4","11"
"1604","Th1130","Tesamorelin","YADAIFTNSYRKVLGQLSAR<br>KLLQDIMSRQQGESNQERGA<br>RARL<br>","5","0","2","2","1","3","0","2","2","5","1","2","0","5","6","4","1","1","0","2"
"1615","Th1133","Aflibercept","SDTGRPFVEMYSEIPEIIHM<br>TEGRELVIPCRVTSPNITVT<br>LKKFPLDTLIPDGKRIIWDS<br>RKGFIISNATYKEIGLLTCE<br>ATVNGHLYKTNYLTHRQTNT<br>IIDVVLSPSHGIELSVGEKL<br>VLNCTARTELNVGIDFNWEY<br>PSSKHQHKKLVNRDLKTQSG<br>SEMKKFLSTLTIDGVTRSDQ<br>GLYTCAASSGLMTKKNSTFV<br>RVHEKDKTHTCPPCPAPELL<br>GGPSVFLFPPKPKDTLMISR<br>TPEVTCVVVDVSHEDPEVKF<br>NWYVDGVEVHNAKTKPREEQ<br>YNSTYRVVSVLTVLHQDWLN<br>GKEYKCKVSNKALPAPIEKT<br>ISKAKGQPREPQVYTLPPSR<br>DELTKNQVSLTCLVKGFYPS<br>DIAVEWESNGQPENNYKTTP<br>PVLDSDGSFFLYSKLTVDKS<br>RWQQGNVFSCSVMHEALHNH<br>YTQKSLSLSPG<br>","6","7","13","16","8","15","9","17","19","23","5","10","17","4","11","20","27","20","2","6"
"1621","Th1134","Asparaginase Erwinia Chrysanthemi","ADKLPNIVILATGGTIAGSA<br>ATGTQTTGYKAGALGVDTLI<br>NAVPEVKKLANVKGEQFSNM<br>ASENMTGDVVLKLSQRVNEL<br>LARDDVDGVVITHGTDTVEE<br>SAYFLHLTVKSDKPVVFVAA<br>MRPATAISADGPMNLLEAVR<br>VAGDKQSRGRGVMVVLNDRI<br>GSARYITKTNASTLDTFKAN<br>EEGYLGVIIGNRIYYQNRID<br>KLHTTRSVFDVRGLTSLPKV<br>DILYGYQDDPEYLYDAAIQH<br>GVKGIVYAGMGAGSVSVRGI<br>AGMRKAMEKGVVVIRSTRTG<br>NGIVPPDEELPGLVSDSLNP<br>AHARILLMLALTRTSDPKVI<br>QEYFHTY<br>","26","0","18","10","5","26","4","15","14","21","6","12","7","7","12","13","20","28","0","11"
"1622","Th1135","Ocriplasmin","Truncated heavy chain<br> APSFDCGKPQVEPKKCPGR","0","14","12","7","16","9","25","7","10","13","21","2","8","19","9","13","16","13","24","6"
"1623","Th1136","Glucarpidase","ALAQKRDNVLFQAATDEQPA<br>VIKTLEKLVNIETGTGDAEG<br>IAAAGNFLEAELKNLGFTVT<br>RSKSAGLVVGDNIVGKIKGR<br>GGKNLLLMSHMDTVYLKGIL<br>AKAPFRVEGDKAYGPGIADD<br>KGGNAVILHTLKLLKEYGVR<br>DYGTITVLFNTDEEKGSFGS<br>RDLIQEEAKLADYVLSFEPT<br>SAGDEKLSLGTSGIAYVQVN<br>ITGKASHAGAAPELGVNALV<br>EASDLVLRTMNIDDKAKNLR<br>FNWTIAKAGNVSNIIPASAT<br>LNADVRYARNEDFDAAMKTL<br>EERAQQKKLPEADVKVIVTR<br>GRPAFNAGEGGKKLVDKAVA<br>YYKEAGGTLGVEERTGGGTD<br>AAYAALSGKPVIESLGLPGF<br>GYHSDKAEYVDISAIPRRLY<br>MAARLIMDLGAGK<br>","29","0","16","16","8","28","3","16","21","28","3","15","5","5","8","12","16","19","1","6"
"1624","Th1137","Teduglutide","HGDGSFSDEMNTILDNLAAR<br>DFINWLIQTKITD<br>","2","0","5","1","2","2","1","4","1","3","1","3","0","1","1","2","3","0","1","0"
"1628","Th1139","Certolizumab Pegol","Light chain: DIQMTQS<br>PSSLSASVGDRVTITCKASQ<br>NVGTNVAWYQQKPGKAPKAL<br>IYSASFLYSGVPYRFSGSGS<br>GTDFTLTISSLQPEDFATYY<br>CQQYNIYPLTFGQGTKVEIK<br>RTVAAPSVFIFPPSDEQLKS<br>GTASVVCLLNNFYPREAKVQ<br>WKVDNALQSGNSQESVTEQD<br>SKDSTYSLSSTLTLSKADYE<br>KHKVYACEVTHQGLSSPVTK<br>SFNRGEC","0","17","6","10","11","10","20","2","7","14","18","2","9","13","18","7","34","19","21","3"
"1634","Th1140","Insulin","Isophane Or Nph Insulin (Neutral Protamine Hagedorn)","0","1","6","0","4","3","4","2","2","1","6","0","3","1","3","1","3","3","4","0"
"1635","Th1141","Epoetin Zeta","APPRLICDSRVLERYLLEAK<br>EAENITTGCAEHCSLNENIT<br>VPDTKVNFYAWKRMEVGQQA<br>VEVWQGLALLSEAVLRGQAL<br>LVNSSQPWEPLQLHVDKAVS<br>GLRSLTTLLRALGAQKEAIS<br>PPDAASAAPLRTITADTFRK<br>LFRVYSNFLRGKLKLYTGEA<br>CRTGDR<br>","19","4","6","12","4","9","2","5","8","23","1","6","8","7","13","10","11","11","3","4"
"1637","Th1143","Fibrinolysin Aka Plasmin","Fibrinolysin heavy chain: <br>DLLDDYVNTQGASLLS<br>LSRKNLAGRSVEDCAAKCEE<br>ETDFVCRAFQYHSKEQQCVV<br>MAENSKNTPVFRMRDVILYE<br>KRIYLLECKTGNGQTYRGTT<br>AETKSGVTCQKWSATSPHVP<br>KFSPEKFPLAGLEENYCRNP<br>DNDENGPWCYTTDPDKRYDY<br>CDIPECEDKCMHCSGENYEG<br>KIAKTMSGRDCQAWDSQSPH<br>AHGYIPSKFPNKNLKMNYCR<br>NPDGEPRPWCFTTDPQKRWE<br>FCDIPRCTTPPPSSGPKYQC<br>LKGTGKNYGGTVAVTESGHT<br>CQRWSEQTPHKHNRTPENFP<br>CKNLEENYCRNPNGEKAPWC<br>YTTNSEVRWEYCTIPSCESS<br>PLSTERMDVPVPPEQTPVPQ<br>DCYHGNGQSYRGTSSTTITG<br>RKCQSWSSMTPHRHLKTPEN<br>YPNAGLTMNYCRNPDADKSP<br>WCYTTDPRVRWEFCNLKKCS<br>ETPEQVPAAPQAPGVENPPE<br>ADCMIGTGKSYRGKKATTVA<br>GVPCQEWAAQEPHQHSIFTP<br>ETNPQSGLERNYCRNPDGDV<br>NGPWCYTMNPRKPFDYCDVP<br>QCESSFDCGKPKVEPKKCSGR<br> Fibrinolysin light chain IVGGCVSKPHS<br>WPWQVSLRRSSRHFCGGTLI<br>SPKWVLTAAHCLDNILALSF<br>YKVILGAHNEKVREQSVQEI<br>PVSRLFREPSQADIALLKLS<br>RPAIITKEVIPACLPPPNYM<br>VAARTECYITGWGETQGTFG<br>EGLLKEAHLPVIENKVCNRN<br>EYLDGRVKPTELCAGHLIGG<br>TDSCQGDSGGPLVCFEKDKY<br>ILQGVTSWGLGCARPNKPGV<br>YVRVSPYVPWIEETMRR","12","17","18","19","8","14","5","6","19","12","5","14","21","10","14","17","17","9","5","13"
"1640","Th1145","Romiplostim","Thrombopoietin receptor binding<br> domain amino acid: IEGPTLRQWLAARA","0","10","6","11","17","7","17","7","6","20","21","3","11","24","11","9","20","18","23","5"
"1641","Th1146","Lucinactant","KLLLLKLLLLKLLLLKLLLLK<br>","0","0","0","0","0","0","0","0","5","16","0","0","0","0","0","0","0","0","0","0"
"1654","Th1150","Secukinumab","Secukinumab Heavy Chain:<br>EVQLVESGGGLVQPGG<br>SLRLSCAASGFTFSNYWMNW<br>VRQAPGKGLEWVAAINQDGS<br>EKYYVGSVKGRFISRDNAKN<br>SLYLQMNSLRVEDTAVYYCV<br>RDYYDILTDYYIHYWYFDLW<br>GRGTLVTVSSASTKGPSVFP<br>LAPSSKSTSGGTAALGCLVK<br>DYFPEPVTVSWNSGALTSGV<br>HTFPAVLQSSGLYSLSSVVT<br>VPSSSLGTQTYICNVNHKPS<br>NTKVDKRVEPKSCDKTHTCP<br>PCPAPELLGGPSVFLFPPKP<br>KDTLMISRTPEVTCVVVDVS<br>HEDPEVKFNWYVDGVEVHNA<br>KTKPREEQYNSTYRVVSVLT<br>VLHQDWLNGKEYKCKVSNKA<br>LPAPIEKTISKAKGQPREPQ<br>VYTLPPSREEMTKNQVSLTC<br>LVKGFYPSDIAVEWESNGQP<br>ENNYKTTPPVLDSDGSFFLY<br>SKLTVDKSRWQQGNVFSCSV<br>MHEALHNHYTQKSLSLSPGK","0","14","7","10","8","9","23","4","5","13","22","2","10","18","7","8","32","17","25","6"
"1655","Th1151","Somatotropin Recombinant","FPTIPLSRLFDNAMLRAHRL<br>HQLAFDTYQEFEEAYIPKEQ<br>KYSFLQNPQTSLCFSESIPT<br>PSNREETQQKSNLELLRISL<br>LLIQSWLEPVQFLRSVFANS<br>LVYGASDSNVYDLLKDLEEG<br>IQTLMGRLEDGSPRTGQIFK<br>QTYSKFDTNSHNDDALLKNY<br>GLLYCFRKDMDKVETFLRIV<br>QCRSVEGSCGF<br>","0","7","4","11","14","13","8","3","8","9","26","3","9","8","13","11","18","10","7","1"
"1659","Th1152","Drotrecogin alfa","Heavy Chain: LIDGKMT<br>RRGDSPWQVVLLDSKKKLAC<br>GAVLIHPSWVLTAAHCMDES<br>KKLLVRLGEYDLRRWEKWEL<br>DLDIKEVFVHPNYSKSTTDD<br>IALLHLAQPATLSQTIVPIC<br>LPDSGLAERELNQAGQETLV<br>TGWGYHSSREKEAKRNRTFV<br>LNFIKIPVVPHNECSEVMSN<br>MVSENMLAGILGDRQDACEG<br>DSGGPMVASFHGTWFLVGLV<br>SWGEGCGLLHNYGVYTKVSR<br>YLDWIHGHIRDKEAPQKSWAP<br> Light Chain: SKHV<br>DGDQCLVLPLEHPCASL<br>CCGHGTCIXGIGSFSCDCRS<br>GWEGRFCQREVSFLNCSLDN<br>GGCTHYCLEEVGWRRCSCAP<br>GYKLGDDLLQCHPAVKFPCG<br>RPWKRMEKKRSHL<br>","15","6","17","16","5","21","11","11","16","28","6","8","11","7","12","19","11","20","9","6"
"1661","Th1153","Alefacept","Heavy Chain: CFSQQIY<br>GVVYGNVTFHVPSNVPLKEV<br>LWKKQKDKVAELENSEFRAF<br>SSFKNRVYLDTVSGSLTIYN<br>LTSSDEDEYEMESPNITDTM<br>KFFLYVLESLPSPTLTCALT<br>NGSIEVQCMIPEHYNSHRGL<br>IMYSWDCPMEQCKRNSTSIY<br>FKMENDLPQKIQCTLSNPLF<br>NTTSSIILTTCIPSSGHSRH<br>RYALIPIPLAVITTCIVLYM<br>NGILKCDRKPDRTNSNRVEP<br>KSCDKTHTCPPCPAPELLGG<br>PSVFLFPPKPKDTLMISRTP<br>EVTCVVVDVSHEDPQVKFNW<br>YVDGVQVHNAKTKPREQQYN<br>STYRVVSVLTVLHQNWLDGK<br>EYKCKVSNKALPAPIEKTIS<br>KAKGQPREPQVYTLPPSREE<br>MTKNQVSLTCLVKGFYPSDI<br>AVEWESNGQPENNYKTTPPV<br>LDSDGSFFLYSKLTVDKSRW<br>QQGNVFSCSVMHEALHNHYT<br>KSLSLSPGK<br>Light Chain: MVAGSDAGRALGV<br>LSVVCLLHCFGFISCFSQQI<br>YGVVYGNVTFHVPSNVPLKE<br>VLWKKQKDKVAELENSEFRA<br>FSSFKNRVYLDTVSGLTIYN<br>LTSSDEDEYEMESPNITDTM<br>KFFLYVLESLPSPTLTCALT<br>NGSIEVQCMIPEHYNSHRGL<br>IMYSWDCPMEQCKRNSTSIY<br>FKMENDLPQKIQCTLSNPLF<br>NTTSSIILTTCIPSSGHSRH<br>RYALIPIPLAVITTCIVLYM<br>NGILKCDRKPDRTNSN<br>","0","6","12","10","15","11","9","6","16","14","23","7","15","21","7","9","26","20","15","2"
"1662","Th1154","OspA lipoprotein","MKKYLLGIGLILALIACKQN<br>VSSLDEKNSVSVDVPGGMKV<br>LVSKEKNKDGKYDLMATVDN<br>VDLKGTSDKNNGSGILEGVK<br>ADKSKVKLTVADDLSKTTLE<br>VLKEDGTVVSRKVTSKDKST<br>TEAKFNEKGELSEKTMTRAN<br>GTTLEYSQMTNEDNAAKAVE<br>TLKNGIKFEGNLASGKTAVE<br>IKEGTVTLKREIDKNGKVTV<br>SLNDTASGSKKTASWQESTS<br>TLTISANSKKTKDLVFLTNG<br>TITVQNYDSAGTKLEGSAAE<br>IKKLDELKNALR<br>","16","1","17","18","3","20","0","9","37","24","5","17","1","4","3","24","29","22","1","4"
"1663","Th1155","Urokinase","KPSSPPEELKFQCGQKTLRP<br>RFKIIGGEFTTIENQPWFAA<br>IYRRHRGGSVTYVCGGSLMS<br>PCWVISATHCFIDYPKKEDY<br>IVYLGRSRLNSNTQGEMKFE<br>VENLILHKDYSADTLAHHND<br>IALLKIRSKEGRCAQPSRTI<br>QTICLPSMYNDPQFGTSCEI<br>TGFGKENSTDYLYPEQLKMT<br>VVKLISHRECQQPHYYGSEV<br>TTKMLCAADPQWKTDSCQGD<br>SGGPLVCSLQGRMTLTGIVS<br>WGRGCALKDKPGVYTRVSHF<br>LPWIRSHTKEENGLAL<br>","10","12","11","14","8","22","7","15","17","19","6","7","15","13","13","20","19","11","4","12"
"1666","Th1157","Sermorelin","YADAIFTNSYRKVLGQLSAR<br>KLLQDIMSRQ<br>","3","0","2","0","1","1","0","2","2","4","1","1","0","3","3","3","1","1","0","2"
"1667","Th1158","Aprotinin","RPDFCLEPPYTGPCKARIIR<br>YFYNAKAGLCQTFVYGGCRA<br>KRNNFKSAEDCMRTCGGA<br>","6","6","2","2","4","6","0","2","4","2","1","3","4","1","6","1","3","1","0","4"
"1671","Th1159","Gemtuzumab ozogamicin","Light Chain 1: QIVLT<br>QSPAIMSASPGEKVTITCSA<br>SSSISYMHWFQQKPGTSPKL<br>WIYTTSNLASGVPARFSGSG<br>SGTSYSLTISRMEAEDAATY<br>YCHQRSTYPLTFGSGTKLELK<br> Light Chain 2:<br> DIQMTQSPSTLSASVGDRV<br>TITCRASQSINTWLAWYQQK<br>PGKAPKLLMYKASSLESGVP<br>SRFIGSGSGTEFTLTISSLQ<br>PDDFATYYCQQYNSDSKMFG<br>QGTKVEVK<br> Heavy Chain 1:<br>QVQLQQSGAELA<br>KPGASVKMSCKASGYTFTSY<br>RMHWVKQRPGQGLEWIGYIN<br>PSTGYTEYNQKFKDKATLTA<br>DKSSSTAYMQLSSLTFEDSA<br>VYYCARGGGVFDYWGQGTTLTVSS<br>Heavy Chain 2:QVQLVQSGAEVKKPGS<br>SVKVSCKASGGTFSRSAIIW<br>VRQAPGQGLEWMGGIVPMFG<br>PPNYAQKFQGRVTITADEST<br>NTAYMELSSLRSEDTAFYFC<br>AGGYGIYSPEEYNGGLVTVSS<br>","18","5","6","8","8","20","3","11","16","16","8","3","13","19","8","40","24","11","5","13"
"1673","Th1160","Satumomab Pendetide","Heavy Chain 1: QVQLQ<br>QSDAELVKPGASVKISCKAS<br>GYTFTDHAIHWAKQKPEQGL<br>EWIGYISPGNDDIKYNEKFK<br>GKATLTADKSSSTAYMQLNS<br>LTSEDSAVYFCKRSYYGHWG<br>QGTTLTVSSASTKGPSVFPL<br>APCSRSTSESTAALGCLVKD<br>YFPEPVTVSWNSGALTSGVH<br>TFPAVLQSSGLYSLSSVVTV<br>PSSSLGTKTYTCNVDHKPSN<br>TKVDKRVCPPCKCPAPNLLG<br>GPSVFIFPPKIKDVLMISLS<br>PIVTCVVVDVSEDDPDVQIS<br>WFVNNVEVHTAQTQTHREDY<br>NSTLRVVSALPIQHQDWMSG<br>KEFKCKVNNKDLPAPIERTI<br>SKPKGSVRAPQVYVLPPPEE<br>EMTKKQVTLTCMVTDFMPED<br>IYVEWTNNGKTELNYKNTEP<br>VLDSDGSYFMYSKLRVEKKN<br>WVERNSYSCSVVHEGLHNHH<br>TTKSFSR<br> Light chain 1: DIQMTQSPASLSV<br>SVGETVTITCRASENIYSNL<br>AWYQQKQGKSPQLLVYAATN<br>LADGVPSRFSGSGSGTQYSL<br>KINSLQSEDFGSYYCQHFWG<br>TPYTFGGGTRLEIKRADAAP<br>TVFIFPPSDEQLKSGTASVV<br>CLLNNFYPREAKVQWKVDNA<br>LQSGNSQESVTEQDSKDSTY<br>SLSSTLTLSKADYEKHKVYA<br>CEVTHQGLSSPVTKSFN<br>Heavy chain 2: QVQ<br>LQQSDAELVKPGASVKISCK<br>ASGYTFTDHAIHWAKQKPEQ<br>GLEWIGYISPGNDDIKYNEK<br>FKGKATLTADKSSSTAYMQL<br>NSLTSEDSAVYFCKRSYYGH<br>WGQGTTLTVSSASTKGPSVF<br>PLAPCSRSTSESTAALGCLV<br>K","16","9","11","7","8","17","5","9","20","19","2","7","19","9","3","35","21","24","4","10"
