"id","pepseq","Aliphati","Aromati","Negcharg","PositCharg","Pola","hydrophobi","neutra"
"2001","RRRRRRRRRCQCRRKN","0","0","0","12","14","2","0"
"2002","RRRRRRR ","0","0","0","7","7","0","0"
"2003","RRRRRRR ","0","0","0","7","7","0","0"
"2004","RRRRRRR ","0","0","0","7","7","0","0"
"2005","RRRRRRR ","0","0","0","7","7","0","0"
"2006","RRRRRRR ","0","0","0","7","7","0","0"
"2007","RRRRRRR ","0","0","0","7","7","0","0"
"2009","LKRWGTIKKSKAINVLRGFRKEIGRMLNILNRRRR ","9","2","1","13","17","12","6"
"2010","LKRWGTIKKSKAINVLRGFRKEIGRMLNILNRRRR ","9","2","1","13","17","12","6"
"2011","KLFMALVAFLRFLTIPPTAGILKRWGTI ","9","4","0","4","4","14","10"
"2012","KLFMALVAFLRFLTIPPTAGILKRWGTI ","9","4","0","4","4","14","10"
"2013","AGWLLGKINLKALAALAKKIL","8","1","0","4","5","9","7"
"2014","AGWLLGDINLDALAALAKKIL","8","1","2","2","5","9","7"
"2015","AGWLLGKLALKALAALAKKLL","8","1","0","4","4","9","8"
"2016","AGWLLGDINLKALAALAKKIL","8","1","1","3","5","9","7"
"2017","MAQDIISTIGDLVKWIIDTVNKFTKK ","8","2","3","4","9","11","6"
"2018","MAQKIISTIGKLVKWIIKTVNKFTKK ","8","2","0","7","9","11","6"
"2019","LAADLLAALGDLAKWLLDALAKAAKK ","8","1","3","4","7","9","10"
"2020","LAADLLAALGDLLKWLLDALAKLAKK ","10","1","3","4","7","11","8"
"2021","KWKLFKKIEKVGQNIRDGIIKAGPAVAVVGQATQIAK","10","2","2","8","14","12","11"
"2022","EWKLFEKIEKLGQNILDGIIKLGPLLALLGQLTQIAL","15","2","4","4","12","17","8"
"2023","KWKLLKKLEKAGAALKEGLLKAGPALALLGAAAALAK","10","1","2","8","10","11","16"
"2024","GIGKFLHSAKKWGKAFVGEIMNS ","4","4","1","5","6","8","9"
"2025","GILKFLESAKKWLEAFLAEIMNS ","6","3","3","3","7","10","6"
"2026","GLGKLLHAAKKLGKAWLGELLAA ","7","2","1","5","5","8","10"
"2027","YGRKKRRQRRR ","0","1","0","8","9","0","2"
"2028","KKALLAHALHLLALLALHLAHALKKA","10","4","0","8","4","10","12"
"2029","RRRRRRRRR","0","0","0","9","9","0","0"
"2030","RRRRRRRR","0","0","0","8","8","0","0"
"2031","RQIKIWFQNRRMKWKK","2","3","0","7","10","6","0"
"2032","RQIKIWFQNRRMKWKK","2","3","0","7","10","6","0"
"2033","GALFLGFLGAAGSTMGAWSQPKSKRKV ","4","3","0","4","5","8","14"
"2034","GLWRALWRLLRSLWRLLWRA ","7","4","0","5","5","11","4"
"2035","KAFAKLAARLYRKALARQLGVAA ","5","2","0","6","7","6","10"
"2036","GSRVQIRCRFRNSTR","2","1","0","5","7","4","4"
"2037","GRKKRRQRRRPQ","0","0","0","8","10","0","2"
"2038","CRNGRGPDC ","0","0","1","2","4","2","3"
"2039","CNGRC ","0","0","0","1","2","2","1"
"2040","CRGDC ","0","0","1","1","2","2","1"
"2041","CRGDKGDPC ","0","0","2","2","4","2","3"
"2042","NYRWRCKNQN ","0","2","0","3","7","2","1"
"2043","NYQRRCKNQN ","0","1","0","3","8","1","1"
"2044","NYQWRCKNQN ","0","2","0","2","7","2","1"
"2045","NYRRRCKNQN ","0","1","0","4","8","1","1"
"2046","YRWRCKNQN","0","2","0","3","6","2","1"
"2047","NYRWRCKNQ ","0","2","0","3","6","2","1"
"2048","YRWRCKNQ ","0","2","0","3","5","2","1"
"2049","NYRWRCKN ","0","2","0","3","5","2","1"
"2050","RWRCKNQN ","0","1","0","3","6","2","0"
"2051","NYRWRCK ","0","2","0","3","4","2","1"
"2052","GRKKRRQRRRP ","0","0","0","8","9","0","2"
"2053","KLAKLAKKLAKLAK ","4","0","0","6","6","4","4"
"2054","KLAKLAKKLAKLAKGRKKRRQRRRP ","4","0","0","14","15","4","6"
"2055","KLAKLAKKLAKLAKNYRWRCKNQN ","4","2","0","9","13","6","5"
"2056","RRWRRWWRRWWRRWRR","0","6","0","10","10","6","0"
"2057","INLKALAALAKKIL","6","0","0","3","4","6","4"
"2058","INLKAL","3","0","0","1","2","3","1"
"2059","LLIILRRRIRKQAHAHSK","6","2","0","8","7","6","5"
"2060","NHQQQNPHQPPM","0","2","0","2","6","1","5"
"2061","LLIILRRRIRKQAHAHSK","6","2","0","8","7","6","5"
"2062","NHQQQNPHQPPM","0","2","0","2","6","1","5"
"2063","LLIILRRRIRKQAHAHSKNHQQQNPHQPPM","6","4","0","10","13","7","10"
"2064","NHQQQNPHQPPMLLIILRRRIRKQAHAHSK","6","4","0","10","13","7","10"
"2065","CLLIILRRRIRKQAHAHSKNHQQQNPHQPPM","6","4","0","10","13","8","10"
"2066","RKKRRQRRRGC","0","0","0","8","9","1","1"
"2067","AAVALLPAVLLALLAPVQRKRQKLMP","10","0","0","4","6","11","9"
"2068","AAVALLPAVLLALLAPCVQRKRQKLMPC","10","0","0","4","6","13","9"
"2069","RPARPAR","0","0","0","3","3","0","4"
"2070","RPARPAR","0","0","0","3","3","0","4"
"2071","RPARPAR","0","0","0","3","3","0","4"
"2072","RPARPAR","0","0","0","3","3","0","4"
"2073","RPARPAR","0","0","0","3","3","0","4"
"2074","RPARPAR","0","0","0","3","3","0","4"
"2075","RKKWFW ","0","3","0","3","3","3","0"
"2076","AAAWFW ","0","3","0","0","0","3","3"
"2077","RKKAAA ","0","0","0","3","3","0","3"
"2078","GGRRARRRRRR ","0","0","0","8","8","0","3"
"2079","GRKKRRQRRRG","0","0","0","8","9","0","2"
"2080","GRRRRRRRRR","0","0","0","9","9","0","1"
"2081","KKKKKKKKK","0","0","0","9","9","0","0"
"2082","RRRRRRRR ","0","0","0","8","8","0","0"
"2083","RRRRRRRR ","0","0","0","8","8","0","0"
"2084","RRRRRRRR ","0","0","0","8","8","0","0"
"2085","RRRRRRRR ","0","0","0","8","8","0","0"
"2086","GGRRARRRRRR ","0","0","0","8","8","0","3"
"2087","RRRRRRRRRRR","0","0","0","11","11","0","0"
"2088","YKALRISRKLAK","3","1","0","5","5","3","4"
"2089","KETWWETWWTEWSQPKKKRKVC ","1","5","3","6","10","7","5"
"2090","RRRRR","0","0","0","5","5","0","0"
"2091","RRRRRRR","0","0","0","7","7","0","0"
"2092","RRRRRRRRR","0","0","0","9","9","0","0"
"2093","RRRRRRRRRRR ","0","0","0","11","11","0","0"
"2094","CVSRRRRRRGGRRRR ","1","0","0","10","10","2","3"
"2095","VSRRRRRRGGRRRR ","1","0","0","10","10","1","3"
"2096","HHHHHHESGGGGSPGRRRRRRRRRRR","0","6","1","17","12","0","14"
"2097","KFFKFFKFFK","0","6","0","4","4","6","0"
"2098","KFFKFFKFFK","0","6","0","4","4","6","0"
"2099","KFFKFFKFFK","0","6","0","4","4","6","0"
"2100","KFFKFFKFFK","0","6","0","4","4","6","0"
"2101","KFFKFFKFFK","0","6","0","4","4","6","0"
"2102","KFFKFFKFFK","0","6","0","4","4","6","0"
"2103","KFFKFFKFFK","0","6","0","4","4","6","0"
"2104","KFFKFFKFFK","0","6","0","4","4","6","0"
"2105","KFFKFFKFFK","0","6","0","4","4","6","0"
"2106","NA","0","0","0","0","1","0","1"
"2107","SKCFQWQRNMRKVRGPPVSCIKRK ","3","2","0","8","11","8","5"
"2108","NA","0","0","0","0","1","0","1"
"2109","NA","0","0","0","0","1","0","1"
"2110","CRGDKGPDC","0","0","2","2","4","2","3"
"2111","ARRRAARAARRRAARAARRRAARAARRRAARA","0","0","0","16","16","0","16"
"2112","AKKKAAKAAKKKAAKAAKKKAAKAAKKKAAKA","0","0","0","16","16","0","16"
"2113","ARRRAARAARRRAARAARRRAARA","0","0","0","12","12","0","12"
"2114","AKKKAAKAAKKKAAKAAKKKAAKA","0","0","0","12","12","0","12"
"2115","ARRARAARRARAARRARAARRARAARRARA","0","0","0","15","15","0","15"
"2116","AKKAKAAKKAKAAKKAKAAKKAKAAKKAKA","0","0","0","15","15","0","15"
"2117","RARARARARARARARARARARARARARARARA ","0","0","0","16","16","0","16"
"2118","YGRKKRRQRRR","0","1","0","8","9","0","2"
"2119","YGRKKRRQRRR","0","1","0","8","9","0","2"
"2120","YGRKKRRQRRR","0","1","0","8","9","0","2"
"2121","HARIKPTFRRLKWKYKGKFW ","2","6","0","9","8","6","6"
"2122","HYRIKPTFRRLKWKYKGKFA ","2","6","0","9","8","5","7"
"2126","YTFGLKTSFNVQ","2","3","0","1","3","4","5"
"2127","YTFGLKTSFNVQYTFGLKTSFNVQ","4","6","0","2","6","8","10"
"2128","YGRKKRRQRRR","0","1","0","8","9","0","2"
"2129","YGRKKRRQRRRYGRKKRRQRRR","0","2","0","16","18","0","4"
"2130","RQIKIWFQNRRMKWKK","2","3","0","7","10","6","0"
"2131","RQIKIWFQNRRMKWKKRQIKIWFQNRRMKWK","4","6","0","13","19","12","0"
"2133","RRRRRRRRRK ","0","0","0","10","10","0","0"
"2134","RRRRRRRRR ","0","0","0","9","9","0","0"
"2135","RRRRRRRR","0","0","0","8","8","0","0"
"2136","LSTAADMQGVVTDGMAS GLDKDYLKPDD ","5","1","6","2","9","7","12"
"2140","LSTAADMQGVVTDGMASGLDKDYLKPDD","5","1","6","2","9","7","12"
"2141","KRPPKLGQIGRSKRVVIEDDR ","5","0","3","7","11","5","5"
"2144","RXRRXRILFQYRXRRXR ","2","2","0","8","9","3","1"
"2145","RXRRXRYQFLIRXRRXR ","2","2","0","8","9","3","1"
"2146","RXRRXRFLQIYRXRRXR ","2","2","0","8","9","3","1"
"2147","RXRRXRAAAAARXRRXR ","0","0","0","8","8","0","5"
"2148","RXRRXRIKFQYRXRRXR ","1","2","0","9","10","2","1"
"2149","RXRRXRIEFQYRXRRXR ","1","2","1","8","10","2","1"
"2150","RXRRXRIWFQYRXRRXR ","1","3","0","8","9","3","1"
"2151","RXRRXRIPFQYRXRRXR ","1","2","0","8","9","2","2"
"2152","KXRKXRILFQYKXRKXR ","2","2","0","8","9","3","1"
"2153","HXRHXRILFQYHXRHXR ","2","6","0","8","5","3","5"
"2154","SXRSXRILFQYSXRSXR ","2","2","0","4","5","3","5"
"2155","EXREXRILFQYEXREXR ","2","2","4","4","9","3","1"
"2156","RMKWKKILFQYRXRRXR ","2","3","0","8","9","5","1"
"2157","RXRRXRILFQYRMKWKK ","2","3","0","8","9","5","1"
"2158","KKWKMRILFQYRXRRXR ","2","3","0","8","9","5","1"
"2159","RXRRXRILFQYKKWKMR ","2","3","0","8","9","5","1"
"2160","YGRKKRRQRRR ","0","1","0","8","9","0","2"
