"id","pepseq","A","C","D","E","F","G","H","I","K","L","M","N","P","Q","R","S","T","V","W","Y"
"2001","RRRRRRRRRCQCRRKN","0","2","0","0","0","0","0","0","1","0","0","1","0","1","11","0","0","0","0","0"
"2002","RRRRRRR ","0","0","0","0","0","0","0","0","0","0","0","0","0","0","7","0","0","0","0","1"
"2003","RRRRRRR ","0","0","0","0","0","0","0","0","0","0","0","0","0","0","7","0","0","0","0","1"
"2004","RRRRRRR ","0","0","0","0","0","0","0","0","0","0","0","0","0","0","7","0","0","0","0","1"
"2005","RRRRRRR ","0","0","0","0","0","0","0","0","0","0","0","0","0","0","7","0","0","0","0","1"
"2006","RRRRRRR ","0","0","0","0","0","0","0","0","0","0","0","0","0","0","7","0","0","0","0","1"
"2007","RRRRRRR ","0","0","0","0","0","0","0","0","0","0","0","0","0","0","7","0","0","0","0","1"
"2009","LKRWGTIKKSKAINVLRGFRKEIGRMLNILNRRRR ","1","0","0","1","1","3","0","4","5","4","1","3","0","0","8","1","1","1","1","1"
"2010","LKRWGTIKKSKAINVLRGFRKEIGRMLNILNRRRR ","1","0","0","1","1","3","0","4","5","4","1","3","0","0","8","1","1","1","1","1"
"2011","KLFMALVAFLRFLTIPPTAGILKRWGTI ","3","0","0","0","3","2","0","3","2","5","1","0","2","0","2","0","3","1","1","1"
"2012","KLFMALVAFLRFLTIPPTAGILKRWGTI ","3","0","0","0","3","2","0","3","2","5","1","0","2","0","2","0","3","1","1","1"
"2013","AGWLLGKINLKALAALAKKIL","5","0","0","0","0","2","0","2","4","6","0","1","0","0","0","0","0","0","1","0"
"2014","AGWLLGDINLDALAALAKKIL","5","0","2","0","0","2","0","2","2","6","0","1","0","0","0","0","0","0","1","0"
"2015","AGWLLGKLALKALAALAKKLL","6","0","0","0","0","2","0","0","4","8","0","0","0","0","0","0","0","0","1","0"
"2016","AGWLLGDINLKALAALAKKIL","5","0","1","0","0","2","0","2","3","6","0","1","0","0","0","0","0","0","1","0"
"2017","MAQDIISTIGDLVKWIIDTVNKFTKK ","1","0","3","0","1","1","0","5","4","1","1","1","0","1","0","1","3","2","1","1"
"2018","MAQKIISTIGKLVKWIIKTVNKFTKK ","1","0","0","0","1","1","0","5","7","1","1","1","0","1","0","1","3","2","1","1"
"2019","LAADLLAALGDLAKWLLDALAKAAKK ","9","0","3","0","0","1","0","0","4","8","0","0","0","0","0","0","0","0","1","1"
"2020","LAADLLAALGDLLKWLLDALAKLAKK ","7","0","3","0","0","1","0","0","4","10","0","0","0","0","0","0","0","0","1","1"
"2021","KWKLFKKIEKVGQNIRDGIIKAGPAVAVVGQATQIAK","5","0","1","1","1","4","0","5","7","1","0","1","1","3","1","0","1","4","1","0"
"2022","EWKLFEKIEKLGQNILDGIIKLGPLLALLGQLTQIAL","2","0","1","3","1","4","0","5","4","10","0","1","1","3","0","0","1","0","1","0"
"2023","KWKLLKKLEKAGAALKEGLLKAGPALALLGAAAALAK","11","0","0","2","0","4","0","0","8","10","0","0","1","0","0","0","0","0","1","0"
"2024","GIGKFLHSAKKWGKAFVGEIMNS ","2","0","0","1","2","4","1","2","4","1","1","1","0","0","0","2","0","1","1","1"
"2025","GILKFLESAKKWLEAFLAEIMNS ","3","0","0","3","2","1","0","2","3","4","1","1","0","0","0","2","0","0","1","1"
"2026","GLGKLLHAAKKLGKAWLGELLAA ","5","0","0","1","0","4","1","0","4","7","0","0","0","0","0","0","0","0","1","1"
"2027","YGRKKRRQRRR ","0","0","0","0","0","1","0","0","2","0","0","0","0","1","6","0","0","0","0","2"
"2028","KKALLAHALHLLALLALHLAHALKKA","8","0","0","0","0","0","4","0","4","10","0","0","0","0","0","0","0","0","0","0"
"2029","RRRRRRRRR","0","0","0","0","0","0","0","0","0","0","0","0","0","0","9","0","0","0","0","0"
"2030","RRRRRRRR","0","0","0","0","0","0","0","0","0","0","0","0","0","0","8","0","0","0","0","0"
"2031","RQIKIWFQNRRMKWKK","0","0","0","0","1","0","0","2","4","0","1","1","0","2","3","0","0","0","2","0"
"2032","RQIKIWFQNRRMKWKK","0","0","0","0","1","0","0","2","4","0","1","1","0","2","3","0","0","0","2","0"
"2033","GALFLGFLGAAGSTMGAWSQPKSKRKV ","4","0","0","0","2","5","0","0","3","3","1","0","1","1","1","3","1","1","1","1"
"2034","GLWRALWRLLRSLWRLLWRA ","2","0","0","0","0","1","0","0","0","7","0","0","0","0","5","1","0","0","4","1"
"2035","KAFAKLAARLYRKALARQLGVAA ","8","0","0","0","1","1","0","0","3","4","0","0","0","1","3","0","0","1","0","2"
"2036","GSRVQIRCRFRNSTR","0","1","0","0","1","1","0","1","0","0","0","1","0","1","5","2","1","1","0","0"
"2037","GRKKRRQRRRPQ","0","0","0","0","0","1","0","0","2","0","0","0","1","2","6","0","0","0","0","0"
"2038","CRNGRGPDC ","0","2","1","0","0","2","0","0","0","0","0","1","1","0","2","0","0","0","0","1"
"2039","CNGRC ","0","2","0","0","0","1","0","0","0","0","0","1","0","0","1","0","0","0","0","1"
"2040","CRGDC ","0","2","1","0","0","1","0","0","0","0","0","0","0","0","1","0","0","0","0","1"
"2041","CRGDKGDPC ","0","2","2","0","0","2","0","0","1","0","0","0","1","0","1","0","0","0","0","1"
"2042","NYRWRCKNQN ","0","1","0","0","0","0","0","0","1","0","0","3","0","1","2","0","0","0","1","2"
"2043","NYQRRCKNQN ","0","1","0","0","0","0","0","0","1","0","0","3","0","2","2","0","0","0","0","2"
"2044","NYQWRCKNQN ","0","1","0","0","0","0","0","0","1","0","0","3","0","2","1","0","0","0","1","2"
"2045","NYRRRCKNQN ","0","1","0","0","0","0","0","0","1","0","0","3","0","1","3","0","0","0","0","2"
"2046","YRWRCKNQN","0","1","0","0","0","0","0","0","1","0","0","2","0","1","2","0","0","0","1","1"
"2047","NYRWRCKNQ ","0","1","0","0","0","0","0","0","1","0","0","2","0","1","2","0","0","0","1","2"
"2048","YRWRCKNQ ","0","1","0","0","0","0","0","0","1","0","0","1","0","1","2","0","0","0","1","2"
"2049","NYRWRCKN ","0","1","0","0","0","0","0","0","1","0","0","2","0","0","2","0","0","0","1","2"
"2050","RWRCKNQN ","0","1","0","0","0","0","0","0","1","0","0","2","0","1","2","0","0","0","1","1"
"2051","NYRWRCK ","0","1","0","0","0","0","0","0","1","0","0","1","0","0","2","0","0","0","1","2"
"2052","GRKKRRQRRRP ","0","0","0","0","0","1","0","0","2","0","0","0","1","1","6","0","0","0","0","1"
"2053","KLAKLAKKLAKLAK ","4","0","0","0","0","0","0","0","6","4","0","0","0","0","0","0","0","0","0","1"
"2054","KLAKLAKKLAKLAKGRKKRRQRRRP ","4","0","0","0","0","1","0","0","8","4","0","0","1","1","6","0","0","0","0","1"
"2055","KLAKLAKKLAKLAKNYRWRCKNQN ","4","1","0","0","0","0","0","0","7","4","0","3","0","1","2","0","0","0","1","2"
"2056","RRWRRWWRRWWRRWRR","0","0","0","0","0","0","0","0","0","0","0","0","0","0","10","0","0","0","6","0"
"2057","INLKALAALAKKIL","4","0","0","0","0","0","0","2","3","4","0","1","0","0","0","0","0","0","0","0"
"2058","INLKAL","1","0","0","0","0","0","0","1","1","2","0","1","0","0","0","0","0","0","0","0"
"2059","LLIILRRRIRKQAHAHSK","2","0","0","0","0","0","2","3","2","3","0","0","0","1","4","1","0","0","0","0"
"2060","NHQQQNPHQPPM","0","0","0","0","0","0","2","0","0","0","1","2","3","4","0","0","0","0","0","0"
"2061","LLIILRRRIRKQAHAHSK","2","0","0","0","0","0","2","3","2","3","0","0","0","1","4","1","0","0","0","0"
"2062","NHQQQNPHQPPM","0","0","0","0","0","0","2","0","0","0","1","2","3","4","0","0","0","0","0","0"
"2063","LLIILRRRIRKQAHAHSKNHQQQNPHQPPM","2","0","0","0","0","0","4","3","2","3","1","2","3","5","4","1","0","0","0","0"
"2064","NHQQQNPHQPPMLLIILRRRIRKQAHAHSK","2","0","0","0","0","0","4","3","2","3","1","2","3","5","4","1","0","0","0","0"
"2065","CLLIILRRRIRKQAHAHSKNHQQQNPHQPPM","2","1","0","0","0","0","4","3","2","3","1","2","3","5","4","1","0","0","0","0"
"2066","RKKRRQRRRGC","0","1","0","0","0","1","0","0","2","0","0","0","0","1","6","0","0","0","0","0"
"2067","AAVALLPAVLLALLAPVQRKRQKLMP","6","0","0","0","0","0","0","0","2","7","1","0","3","2","2","0","0","3","0","0"
"2068","AAVALLPAVLLALLAPCVQRKRQKLMPC","6","2","0","0","0","0","0","0","2","7","1","0","3","2","2","0","0","3","0","0"
"2069","RPARPAR","2","0","0","0","0","0","0","0","0","0","0","0","2","0","3","0","0","0","0","0"
"2070","RPARPAR","2","0","0","0","0","0","0","0","0","0","0","0","2","0","3","0","0","0","0","0"
"2071","RPARPAR","2","0","0","0","0","0","0","0","0","0","0","0","2","0","3","0","0","0","0","0"
"2072","RPARPAR","2","0","0","0","0","0","0","0","0","0","0","0","2","0","3","0","0","0","0","0"
"2073","RPARPAR","2","0","0","0","0","0","0","0","0","0","0","0","2","0","3","0","0","0","0","0"
"2074","RPARPAR","2","0","0","0","0","0","0","0","0","0","0","0","2","0","3","0","0","0","0","0"
"2075","RKKWFW ","0","0","0","0","1","0","0","0","2","0","0","0","0","0","1","0","0","0","2","1"
"2076","AAAWFW ","3","0","0","0","1","0","0","0","0","0","0","0","0","0","0","0","0","0","2","1"
"2077","RKKAAA ","3","0","0","0","0","0","0","0","2","0","0","0","0","0","1","0","0","0","0","1"
"2078","GGRRARRRRRR ","1","0","0","0","0","2","0","0","0","0","0","0","0","0","8","0","0","0","0","1"
"2079","GRKKRRQRRRG","0","0","0","0","0","2","0","0","2","0","0","0","0","1","6","0","0","0","0","0"
"2080","GRRRRRRRRR","0","0","0","0","0","1","0","0","0","0","0","0","0","0","9","0","0","0","0","0"
"2081","KKKKKKKKK","0","0","0","0","0","0","0","0","9","0","0","0","0","0","0","0","0","0","0","0"
"2082","RRRRRRRR ","0","0","0","0","0","0","0","0","0","0","0","0","0","0","8","0","0","0","0","1"
"2083","RRRRRRRR ","0","0","0","0","0","0","0","0","0","0","0","0","0","0","8","0","0","0","0","1"
"2084","RRRRRRRR ","0","0","0","0","0","0","0","0","0","0","0","0","0","0","8","0","0","0","0","1"
"2085","RRRRRRRR ","0","0","0","0","0","0","0","0","0","0","0","0","0","0","8","0","0","0","0","1"
"2086","GGRRARRRRRR ","1","0","0","0","0","2","0","0","0","0","0","0","0","0","8","0","0","0","0","1"
"2087","RRRRRRRRRRR","0","0","0","0","0","0","0","0","0","0","0","0","0","0","11","0","0","0","0","0"
"2088","YKALRISRKLAK","2","0","0","0","0","0","0","1","3","2","0","0","0","0","2","1","0","0","0","1"
"2089","KETWWETWWTEWSQPKKKRKVC ","0","1","0","3","0","0","0","0","5","0","0","0","1","1","1","1","3","1","5","1"
"2090","RRRRR","0","0","0","0","0","0","0","0","0","0","0","0","0","0","5","0","0","0","0","0"
"2091","RRRRRRR","0","0","0","0","0","0","0","0","0","0","0","0","0","0","7","0","0","0","0","0"
"2092","RRRRRRRRR","0","0","0","0","0","0","0","0","0","0","0","0","0","0","9","0","0","0","0","0"
"2093","RRRRRRRRRRR ","0","0","0","0","0","0","0","0","0","0","0","0","0","0","11","0","0","0","0","1"
"2094","CVSRRRRRRGGRRRR ","0","1","0","0","0","2","0","0","0","0","0","0","0","0","10","1","0","1","0","1"
"2095","VSRRRRRRGGRRRR ","0","0","0","0","0","2","0","0","0","0","0","0","0","0","10","1","0","1","0","1"
"2096","HHHHHHESGGGGSPGRRRRRRRRRRR","0","0","0","1","0","5","6","0","0","0","0","0","1","0","11","2","0","0","0","0"
"2097","KFFKFFKFFK","0","0","0","0","6","0","0","0","4","0","0","0","0","0","0","0","0","0","0","0"
"2098","KFFKFFKFFK","0","0","0","0","6","0","0","0","4","0","0","0","0","0","0","0","0","0","0","0"
"2099","KFFKFFKFFK","0","0","0","0","6","0","0","0","4","0","0","0","0","0","0","0","0","0","0","0"
"2100","KFFKFFKFFK","0","0","0","0","6","0","0","0","4","0","0","0","0","0","0","0","0","0","0","0"
"2101","KFFKFFKFFK","0","0","0","0","6","0","0","0","4","0","0","0","0","0","0","0","0","0","0","0"
"2102","KFFKFFKFFK","0","0","0","0","6","0","0","0","4","0","0","0","0","0","0","0","0","0","0","0"
"2103","KFFKFFKFFK","0","0","0","0","6","0","0","0","4","0","0","0","0","0","0","0","0","0","0","0"
"2104","KFFKFFKFFK","0","0","0","0","6","0","0","0","4","0","0","0","0","0","0","0","0","0","0","0"
"2105","KFFKFFKFFK","0","0","0","0","6","0","0","0","4","0","0","0","0","0","0","0","0","0","0","0"
"2106","NA","1","0","0","0","0","0","0","0","0","0","0","1","0","0","0","0","0","0","0","0"
"2107","SKCFQWQRNMRKVRGPPVSCIKRK ","0","2","0","0","1","1","0","1","4","0","1","1","2","2","4","2","0","2","1","1"
"2108","NA","1","0","0","0","0","0","0","0","0","0","0","1","0","0","0","0","0","0","0","0"
"2109","NA","1","0","0","0","0","0","0","0","0","0","0","1","0","0","0","0","0","0","0","0"
"2110","CRGDKGPDC","0","2","2","0","0","2","0","0","1","0","0","0","1","0","1","0","0","0","0","0"
"2111","ARRRAARAARRRAARAARRRAARAARRRAARA","16","0","0","0","0","0","0","0","0","0","0","0","0","0","16","0","0","0","0","0"
"2112","AKKKAAKAAKKKAAKAAKKKAAKAAKKKAAKA","16","0","0","0","0","0","0","0","16","0","0","0","0","0","0","0","0","0","0","0"
"2113","ARRRAARAARRRAARAARRRAARA","12","0","0","0","0","0","0","0","0","0","0","0","0","0","12","0","0","0","0","0"
"2114","AKKKAAKAAKKKAAKAAKKKAAKA","12","0","0","0","0","0","0","0","12","0","0","0","0","0","0","0","0","0","0","0"
"2115","ARRARAARRARAARRARAARRARAARRARA","15","0","0","0","0","0","0","0","0","0","0","0","0","0","15","0","0","0","0","0"
"2116","AKKAKAAKKAKAAKKAKAAKKAKAAKKAKA","15","0","0","0","0","0","0","0","15","0","0","0","0","0","0","0","0","0","0","0"
"2117","RARARARARARARARARARARARARARARARA ","16","0","0","0","0","0","0","0","0","0","0","0","0","0","16","0","0","0","0","1"
"2118","YGRKKRRQRRR","0","0","0","0","0","1","0","0","2","0","0","0","0","1","6","0","0","0","0","1"
"2119","YGRKKRRQRRR","0","0","0","0","0","1","0","0","2","0","0","0","0","1","6","0","0","0","0","1"
"2120","YGRKKRRQRRR","0","0","0","0","0","1","0","0","2","0","0","0","0","1","6","0","0","0","0","1"
"2121","HARIKPTFRRLKWKYKGKFW ","1","0","0","0","2","1","1","1","5","1","0","0","1","0","3","0","1","0","2","2"
"2122","HYRIKPTFRRLKWKYKGKFA ","1","0","0","0","2","1","1","1","5","1","0","0","1","0","3","0","1","0","1","3"
"2126","YTFGLKTSFNVQ","0","0","0","0","2","1","0","0","1","1","0","1","0","1","0","1","2","1","0","1"
"2127","YTFGLKTSFNVQYTFGLKTSFNVQ","0","0","0","0","4","2","0","0","2","2","0","2","0","2","0","2","4","2","0","2"
"2128","YGRKKRRQRRR","0","0","0","0","0","1","0","0","2","0","0","0","0","1","6","0","0","0","0","1"
"2129","YGRKKRRQRRRYGRKKRRQRRR","0","0","0","0","0","2","0","0","4","0","0","0","0","2","12","0","0","0","0","2"
"2130","RQIKIWFQNRRMKWKK","0","0","0","0","1","0","0","2","4","0","1","1","0","2","3","0","0","0","2","0"
"2131","RQIKIWFQNRRMKWKKRQIKIWFQNRRMKWK","0","0","0","0","2","0","0","4","7","0","2","2","0","4","6","0","0","0","4","0"
"2133","RRRRRRRRRK ","0","0","0","0","0","0","0","0","1","0","0","0","0","0","9","0","0","0","0","1"
"2134","RRRRRRRRR ","0","0","0","0","0","0","0","0","0","0","0","0","0","0","9","0","0","0","0","1"
"2135","RRRRRRRR","0","0","0","0","0","0","0","0","0","0","0","0","0","0","8","0","0","0","0","0"
"2136","LSTAADMQGVVTDGMAS GLDKDYLKPDD ","3","0","6","0","0","3","0","0","2","3","2","0","1","1","0","2","2","2","0","3"
"2140","LSTAADMQGVVTDGMASGLDKDYLKPDD","3","0","6","0","0","3","0","0","2","3","2","0","1","1","0","2","2","2","0","1"
"2141","KRPPKLGQIGRSKRVVIEDDR ","0","0","2","1","0","2","0","2","3","1","0","0","2","1","4","1","0","2","0","1"
"2144","RXRRXRILFQYRXRRXR ","0","0","0","0","1","0","0","1","0","1","0","0","0","1","8","0","0","0","0","6"
"2145","RXRRXRYQFLIRXRRXR ","0","0","0","0","1","0","0","1","0","1","0","0","0","1","8","0","0","0","0","6"
"2146","RXRRXRFLQIYRXRRXR ","0","0","0","0","1","0","0","1","0","1","0","0","0","1","8","0","0","0","0","6"
"2147","RXRRXRAAAAARXRRXR ","5","0","0","0","0","0","0","0","0","0","0","0","0","0","8","0","0","0","0","5"
"2148","RXRRXRIKFQYRXRRXR ","0","0","0","0","1","0","0","1","1","0","0","0","0","1","8","0","0","0","0","6"
"2149","RXRRXRIEFQYRXRRXR ","0","0","0","1","1","0","0","1","0","0","0","0","0","1","8","0","0","0","0","6"
"2150","RXRRXRIWFQYRXRRXR ","0","0","0","0","1","0","0","1","0","0","0","0","0","1","8","0","0","0","1","6"
"2151","RXRRXRIPFQYRXRRXR ","0","0","0","0","1","0","0","1","0","0","0","0","1","1","8","0","0","0","0","6"
"2152","KXRKXRILFQYKXRKXR ","0","0","0","0","1","0","0","1","4","1","0","0","0","1","4","0","0","0","0","6"
"2153","HXRHXRILFQYHXRHXR ","0","0","0","0","1","0","4","1","0","1","0","0","0","1","4","0","0","0","0","6"
"2154","SXRSXRILFQYSXRSXR ","0","0","0","0","1","0","0","1","0","1","0","0","0","1","4","4","0","0","0","6"
"2155","EXREXRILFQYEXREXR ","0","0","0","4","1","0","0","1","0","1","0","0","0","1","4","0","0","0","0","6"
"2156","RMKWKKILFQYRXRRXR ","0","0","0","0","1","0","0","1","3","1","1","0","0","1","5","0","0","0","1","4"
"2157","RXRRXRILFQYRMKWKK ","0","0","0","0","1","0","0","1","3","1","1","0","0","1","5","0","0","0","1","4"
"2158","KKWKMRILFQYRXRRXR ","0","0","0","0","1","0","0","1","3","1","1","0","0","1","5","0","0","0","1","4"
"2159","RXRRXRILFQYKKWKMR ","0","0","0","0","1","0","0","1","3","1","1","0","0","1","5","0","0","0","1","4"
"2160","YGRKKRRQRRR ","0","0","0","0","0","1","0","0","2","0","0","0","0","1","6","0","0","0","0","2"
