"id","pepseq","hydrophobic","hydrophil","netcharge","ip","mw"
"2001","RRRRRRRRRCQCRRKN","-1.36","2.15","12.00","12.43","2312.96"
"2002","RRRRRRR ","-1.54","2.62","7.00","12.78","1267.60"
"2003","RRRRRRR ","-1.54","2.62","7.00","12.78","1267.60"
"2004","RRRRRRR ","-1.54","2.62","7.00","12.78","1267.60"
"2005","RRRRRRR ","-1.54","2.62","7.00","12.78","1267.60"
"2006","RRRRRRR ","-1.54","2.62","7.00","12.78","1267.60"
"2007","RRRRRRR ","-1.54","2.62","7.00","12.78","1267.60"
"2009","LKRWGTIKKSKAINVLRGFRKEIGRMLNILNRRRR ","-0.42","0.52","12.00","12.49","4435.90"
"2010","LKRWGTIKKSKAINVLRGFRKEIGRMLNILNRRRR ","-0.42","0.52","12.00","12.49","4435.90"
"2011","KLFMALVAFLRFLTIPPTAGILKRWGTI ","0.09","-0.65","4.00","12.02","3288.51"
"2012","KLFMALVAFLRFLTIPPTAGILKRWGTI ","0.09","-0.65","4.00","12.02","3288.51"
"2013","AGWLLGKINLKALAALAKKIL","0.07","-0.39","4.00","10.49","2206.07"
"2014","AGWLLGDINLDALAALAKKIL","0.11","-0.39","0.00","6.31","2179.89"
"2015","AGWLLGKLALKALAALAKKLL","0.10","-0.42","4.00","10.49","2163.04"
"2016","AGWLLGDINLKALAALAKKIL","0.09","-0.39","2.00","9.72","2192.98"
"2017","MAQDIISTIGDLVKWIIDTVNKFTKK ","-0.07","-0.04","1.00","8.76","3107.09"
"2018","MAQKIISTIGKLVKWIIKTVNKFTKK ","-0.11","-0.04","7.00","10.78","3146.36"
"2019","LAADLLAALGDLAKWLLDALAKAAKK ","0.02","-0.05","1.00","8.76","2792.73"
"2020","LAADLLAALGDLLKWLLDALAKLAKK ","0.04","-0.14","1.00","8.76","2876.89"
"2021","KWKLFKKIEKVGQNIRDGIIKAGPAVAVVGQATQIAK","-0.12","0.14","6.00","10.40","4005.36"
"2022","EWKLFEKIEKLGQNILDGIIKLGPLLALLGQLTQIAL","0.03","-0.26","0.00","6.59","4131.51"
"2023","KWKLLKKLEKAGAALKEGLLKAGPALALLGAAAALAK","-0.03","0.08","6.00","10.23","3727.12"
"2024","GIGKFLHSAKKWGKAFVGEIMNS ","-0.04","-0.10","3.00","10.01","2593.39"
"2025","GILKFLESAKKWLEAFLAEIMNS ","0.00","-0.13","0.00","6.57","2726.54"
"2026","GLGKLLHAAKKLGKAWLGELLAA ","0.02","-0.17","3.00","10.01","2430.30"
"2027","YGRKKRRQRRR ","-1.11","1.82","8.00","12.31","1716.19"
"2028","KKALLAHALHLLALLALHLAHALKKA","0.05","-0.46","4.00","10.49","2779.82"
"2029","RRRRRRRRR","-1.76","3.00","9.00","12.91","1423.80"
"2030","RRRRRRRR","-1.76","3.00","8.00","12.85","1267.60"
"2031","RQIKIWFQNRRMKWKK","-0.54","0.46","7.00","12.32","2247.00"
"2032","RQIKIWFQNRRMKWKK","-0.54","0.46","7.00","12.32","2247.00"
"2033","GALFLGFLGAAGSTMGAWSQPKSKRKV ","-0.04","-0.21","4.00","11.27","2865.79"
"2034","GLWRALWRLLRSLWRLLWRA ","-0.15","-0.57","5.00","12.61","2693.58"
"2035","KAFAKLAARLYRKALARQLGVAA ","-0.16","0.03","6.00","11.75","2558.41"
"2036","GSRVQIRCRFRNSTR","-0.58","0.59","5.00","12.18","1836.30"
"2037","GRKKRRQRRRPQ","-1.17","2.03","8.00","12.71","1622.08"
"2038","CRNGRGPDC ","-0.45","0.72","1.00","8.39","1080.34"
"2039","CNGRC ","-0.36","0.20","1.00","8.39","654.84"
"2040","CRGDC ","-0.37","0.67","0.00","6.13","655.82"
"2041","CRGDKGDPC ","-0.40","1.00","0.00","6.25","1053.31"
"2042","NYRWRCKNQN ","-0.62","0.28","3.00","10.07","1495.80"
"2043","NYQRRCKNQN ","-0.71","0.61","3.00","10.07","1437.71"
"2044","NYQWRCKNQN ","-0.52","0.03","2.00","9.36","1467.75"
"2045","NYRRRCKNQN ","-0.81","0.86","4.00","10.92","1465.76"
"2046","YRWRCKNQN","-0.68","0.32","3.00","10.07","1267.56"
"2047","NYRWRCKNQ ","-0.62","0.29","3.00","10.07","1395.71"
"2048","YRWRCKNQ ","-0.61","0.30","3.00","10.07","1281.59"
"2049","NYRWRCKN ","-0.61","0.30","3.00","10.07","1253.53"
"2050","RWRCKNQN ","-0.69","0.58","3.00","10.87","1218.49"
"2051","NYRWRCK ","-0.60","0.31","3.00","10.07","1153.48"
"2052","GRKKRRQRRRP ","-1.11","2.02","8.00","12.71","1591.06"
"2053","KLAKLAKKLAKLAK ","-0.23","0.59","6.00","10.71","1652.37"
"2054","KLAKLAKKLAKLAKGRKKRRQRRRP ","-0.65","1.27","14.00","12.71","3097.24"
"2055","KLAKLAKKLAKLAKNYRWRCKNQN ","-0.41","0.48","9.00","10.80","3001.98"
"2056","RRWRRWWRRWWRRWRR","-0.96","0.60","10.00","12.96","2697.44"
"2057","INLKALAALAKKIL","0.05","-0.26","3.00","10.31","1480.07"
"2058","INLKAL","0.05","-0.45","1.00","9.11","670.91"
"2059","LLIILRRRIRKQAHAHSK","-0.37","0.32","6.00","12.49","2209.94"
"2060","NHQQQNPHQPPM","-0.40","-0.09","0.00","7.26","1455.76"
"2061","LLIILRRRIRKQAHAHSK","-0.37","0.32","6.00","12.49","2209.94"
"2062","NHQQQNPHQPPM","-0.40","-0.09","0.00","7.26","1455.76"
"2063","LLIILRRRIRKQAHAHSKNHQQQNPHQPPM","-0.38","0.15","6.00","12.49","3647.70"
"2064","NHQQQNPHQPPMLLIILRRRIRKQAHAHSK","-0.38","0.15","6.00","12.49","3647.70"
"2065","CLLIILRRRIRKQAHAHSKNHQQQNPHQPPM","-0.37","0.12","6.00","12.01","3750.85"
"2066","RKKRRQRRRGC","-1.20","2.11","8.00","12.31","1499.95"
"2067","AAVALLPAVLLALLAPVQRKRQKLMP","-0.01","-0.35","4.00","12.02","2781.86"
"2068","AAVALLPAVLLALLAPCVQRKRQKLMPC","-0.00","-0.39","4.00","10.12","2988.16"
"2069","RPARPAR","-0.70","1.14","3.00","12.31","823.04"
"2070","RPARPAR","-0.70","1.14","3.00","12.31","823.04"
"2071","RPARPAR","-0.70","1.14","3.00","12.31","823.04"
"2072","RPARPAR","-0.70","1.14","3.00","12.31","823.04"
"2073","RPARPAR","-0.70","1.14","3.00","12.31","823.04"
"2074","RPARPAR","-0.70","1.14","3.00","12.31","823.04"
"2075","RKKWFW ","-0.37","-0.04","3.00","11.17","1136.49"
"2076","AAAWFW ","0.30","-1.54","0.00","5.88","937.18"
"2077","RKKAAA ","-0.46","1.07","3.00","11.17","714.94"
"2078","GGRRARRRRRR ","-1.13","1.96","8.00","12.85","1609.03"
"2079","GRKKRRQRRRG","-1.19","2.20","8.00","12.71","1453.87"
"2080","GRRRRRRRRR","-1.57","2.70","9.00","12.91","1480.87"
"2081","KKKKKKKKK","-1.10","3.00","9.00","10.91","1171.71"
"2082","RRRRRRRR ","-1.56","2.67","8.00","12.85","1423.80"
"2083","RRRRRRRR ","-1.56","2.67","8.00","12.85","1423.80"
"2084","RRRRRRRR ","-1.56","2.67","8.00","12.85","1423.80"
"2085","RRRRRRRR ","-1.56","2.67","8.00","12.85","1423.80"
"2086","GGRRARRRRRR ","-1.13","1.96","8.00","12.85","1609.03"
"2087","RRRRRRRRRRR","-1.76","3.00","11.00","13.01","1736.20"
"2088","YKALRISRKLAK","-0.40","0.55","5.00","11.17","1446.94"
"2089","KETWWETWWTEWSQPKKKRKVC ","-0.36","0.30","3.00","9.54","3054.92"
"2090","RRRRR","-1.76","3.00","5.00","12.61","799.00"
"2091","RRRRRRR","-1.76","3.00","7.00","12.78","1111.40"
"2092","RRRRRRRRR","-1.76","3.00","9.00","12.91","1423.80"
"2093","RRRRRRRRRRR ","-1.61","2.75","11.00","13.01","1892.40"
"2094","CVSRRRRRRGGRRRR ","-1.06","1.74","10.00","12.61","2139.73"
"2095","VSRRRRRRGGRRRR ","-1.13","1.92","10.00","12.96","2036.58"
"2096","HHHHHHESGGGGSPGRRRRRRRRRRR","-0.85","1.29","10.00","12.66","3244.95"
"2097","KFFKFFKFFK","-0.07","-0.30","4.00","10.49","1413.90"
"2098","KFFKFFKFFK","-0.07","-0.30","4.00","10.49","1413.90"
"2099","KFFKFFKFFK","-0.07","-0.30","4.00","10.49","1413.90"
"2100","KFFKFFKFFK","-0.07","-0.30","4.00","10.49","1413.90"
"2101","KFFKFFKFFK","-0.07","-0.30","4.00","10.49","1413.90"
"2102","KFFKFFKFFK","-0.07","-0.30","4.00","10.49","1413.90"
"2103","KFFKFFKFFK","-0.07","-0.30","4.00","10.49","1413.90"
"2104","KFFKFFKFFK","-0.07","-0.30","4.00","10.49","1413.90"
"2105","KFFKFFKFFK","-0.07","-0.30","4.00","10.49","1413.90"
"2106","NA","-0.20","-0.15","0.00","5.88","203.21"
"2107","SKCFQWQRNMRKVRGPPVSCIKRK ","-0.43","0.45","8.00","11.59","3062.09"
"2108","NA","-0.20","-0.15","0.00","5.88","203.21"
"2109","NA","-0.20","-0.15","0.00","5.88","203.21"
"2110","CRGDKGPDC","-0.44","1.11","0.00","6.25","950.16"
"2111","ARRRAARAARRRAARAARRRAARAARRRAARA","-0.76","1.25","16.00","13.18","3654.64"
"2112","AKKKAAKAAKKKAAKAAKKKAAKAAKKKAAKA","-0.42","1.25","16.00","11.18","3206.48"
"2113","ARRRAARAARRRAARAARRRAARA","-0.76","1.25","12.00","13.05","2745.48"
"2114","AKKKAAKAAKKKAAKAAKKKAAKA","-0.42","1.25","12.00","11.05","2409.36"
"2115","ARRARAARRARAARRARAARRARAARRARA","-0.76","1.25","15.00","13.15","3427.35"
"2116","AKKAKAAKKAKAAKKAKAAKKAKAAKKAKA","-0.42","1.25","15.00","11.15","3007.20"
"2117","RARARARARARARARARARARARARARARARA ","-0.73","1.21","16.00","13.18","3725.73"
"2118","YGRKKRRQRRR","-1.21","1.99","8.00","12.31","1559.99"
"2119","YGRKKRRQRRR","-1.21","1.99","8.00","12.31","1559.99"
"2120","YGRKKRRQRRR","-1.21","1.99","8.00","12.31","1559.99"
"2121","HARIKPTFRRLKWKYKGKFW ","-0.37","0.23","8.00","11.77","2833.75"
"2122","HYRIKPTFRRLKWKYKGKFA ","-0.39","0.29","8.00","11.21","2695.55"
"2126","YTFGLKTSFNVQ","-0.05","-0.64","1.00","8.94","1404.75"
"2127","YTFGLKTSFNVQYTFGLKTSFNVQ","-0.05","-0.64","2.00","9.55","2791.50"
"2128","YGRKKRRQRRR","-1.21","1.99","8.00","12.31","1559.99"
"2129","YGRKKRRQRRRYGRKKRRQRRR","-1.21","1.99","16.00","12.49","3101.98"
"2130","RQIKIWFQNRRMKWKK","-0.54","0.46","7.00","12.32","2247.00"
"2131","RQIKIWFQNRRMKWKKRQIKIWFQNRRMKWK","-0.52","0.38","13.00","12.71","4347.81"
"2133","RRRRRRRRRK ","-1.54","2.73","10.00","12.91","1680.18"
"2134","RRRRRRRRR ","-1.58","2.70","9.00","12.91","1580.00"
"2135","RRRRRRRR","-1.76","3.00","8.00","12.85","1267.60"
"2136","LSTAADMQGVVTDGMAS GLDKDYLKPDD ","-0.12","0.31","-4.00","3.86","3116.77"
"2140","LSTAADMQGVVTDGMASGLDKDYLKPDD","-0.13","0.33","-4.00","3.86","2914.58"
"2141","KRPPKLGQIGRSKRVVIEDDR ","-0.46","1.00","4.00","10.94","2604.35"
"2144","RXRRXRILFQYRXRRXR ","-0.72","0.88","8.00","12.48","2713.47"
"2145","RXRRXRYQFLIRXRRXR ","-0.72","0.88","8.00","12.48","2713.47"
"2146","RXRRXRFLQIYRXRRXR ","-0.72","0.88","8.00","12.48","2713.47"
"2147","RXRRXRAAAAARXRRXR ","-0.71","1.19","8.00","12.85","2404.05"
"2148","RXRRXRIKFQYRXRRXR ","-0.81","1.14","9.00","12.48","2728.49"
"2149","RXRRXRIEFQYRXRRXR ","-0.78","1.14","7.00","12.23","2729.43"
"2150","RXRRXRIWFQYRXRRXR ","-0.72","0.79","8.00","12.48","2786.54"
"2151","RXRRXRIPFQYRXRRXR ","-0.75","0.98","8.00","12.48","2697.43"
"2152","KXRKXRILFQYKXRKXR ","-0.57","0.88","8.00","12.03","2489.39"
"2153","HXRHXRILFQYHXRHXR ","-0.41","0.10","4.00","12.01","2561.15"
"2154","SXRSXRILFQYSXRSXR ","-0.38","0.28","4.00","12.01","2160.59"
"2155","EXREXRILFQYEXREXR ","-0.46","0.88","0.00","6.64","2496.91"
"2156","RMKWKKILFQYRXRRXR ","-0.57","0.62","8.00","12.19","2634.49"
"2157","RXRRXRILFQYRMKWKK ","-0.57","0.62","8.00","12.19","2606.48"
"2158","KKWKMRILFQYRXRRXR ","-0.57","0.62","8.00","12.19","2634.49"
"2159","RXRRXRILFQYKKWKMR ","-0.57","0.62","8.00","12.19","2634.49"
"2160","YGRKKRRQRRR ","-1.11","1.82","8.00","12.31","1716.19"
